-40,868125 -1,552383
3,950251 -37,847344
-18,172629 -40,979032
1,445871 -36,301870
-19,795013 -41,288948
-37,353874 -3,312524
-20,078660 -41,139232
0,394164 -36,406089
-36,468386 -2,539978
-16,775215 -43,738138
-38,671285 -4,279513
-1,793410 -38,243721
-21,084125 -43,382022
-38,173175 -0,597342
-42,992698 -4,353667
-37,107834 -4,224608
2,132133 -29,858425
-1,975087 -33,107451
-40,805773 -5,406589
2,129302 -38,826331
-33,595758 -2,951047
-0,571799 -35,247303
-37,130243 -6,438881
-18,241890 -42,760858
0,577146 -36,706971
-40,734676 -1,730021
-19,981447 -47,555724
-35,758750 -0,125078
-15,502012 -46,454963
0,257312 -36,876006
-21,044790 -41,950168
6,125224 -35,675492
-19,676387 -45,219201
-22,147487 -42,765231
-19,841696 -38,502974
-19,391176 -41,371327
-1,815230 -38,285768
-22,787953 -40,253968
-38,860701 -3,398109
3,988995 -34,203011
-1,893905 -36,980710
2,149188 -35,619290
-17,830071 -46,019681
-24,609483 -44,527525
0,236390 -37,562283
5,473684 -35,203889
-21,008876 -41,004404
-36,598259 0,415955
-39,428470 -3,112484
-3,312167 -37,959257
-18,414881 -47,799625
-17,053142 -40,309754
-21,001097 -38,945382
-39,634951 -5,489302
-41,785768 -3,805588
3,705077 -36,588418
-15,630557 -46,253971
-0,190320 -35,710232
-23,836127 -41,383159
-39,203301 -8,157896
5,903902 -32,146685
-39,506688 -6,666137
0,858528 -37,222221
-39,803394 -6,610371
-3,148146 -34,906084
-2,591887 -30,203852
5,935700 -36,008410
-17,184101 -44,196342
-19,538412 -43,787124
-20,124436 -39,826187
-33,781194 -3,296169
-18,868012 -46,287299
-18,216552 -40,423263
-36,529757 -6,145968
-19,949419 -41,237216
-1,012201 -38,906061
-20,772701 -41,521245
-19,130477 -41,405173
-19,269352 -41,903007
-16,075684 -44,676848
-19,370795 -43,456080
-35,006853 -3,356420
-36,808317 -4,702584
-19,055877 -39,948585
1,107174 -35,240746
-16,251542 -39,685216
-35,463784 -4,071398
-25,477118 -42,204254
-3,898934 -34,731974
-36,817672 0,299257
-39,939911 -4,206125
-20,467702 -45,714424
-39,656270 -6,589229
-41,133329 -7,366013
0,984528 -36,825136
-42,346205 -5,587738
-3,338310 -32,272586
-38,602903 -3,173962
-0,304507 -33,665266
-3,905966 -39,859729
-37,903786 -3,610492
-35,758880 -7,253500
-38,478849 -5,785219
-17,406607 -42,212644
-36,941501 -5,411937
3,312981 -34,362251
3,417282 -39,150316
-21,873602 -44,848447
-39,938584 -4,206512
2,624238 -32,430660
5,435751 -38,960304
-1,174896 -37,772378
0,189875 -33,564087
-21,449920 -44,807350
-37,103306 -6,780763
-24,237294 -43,184821
-16,970093 -43,990197
-2,252970 -32,651874
-22,080984 -43,287237
-40,042266 -4,460468
-17,264665 -40,334065
1,147808 -36,848628
4,110721 -34,537035
-3,148957 -32,986097
-0,063416 -36,819535
-20,027865 -47,713611
-20,058019 -40,039881
0,426575 -38,094342
-37,755076 -3,626199
2,522838 -37,290245
4,035089 -32,073855
-18,177519 -42,650615
6,361430 -33,506308
1,690599 -34,286312
5,958056 -33,908594
-20,595483 -42,029289
3,717344 -36,736110
-39,411091 -7,969776
-34,480795 -0,238584
3,173564 -34,030150
0,739469 -40,565958
1,605955 -39,064720
0,908509 -33,628453
-15,463324 -43,885632
-35,548850 -3,975759
-15,570389 -38,307202
-18,511934 -42,904103
-38,306009 -6,667082
-15,779347 -39,656380
-37,465980 -2,782575
-19,364136 -46,910083
-15,422445 -38,195369
-1,364481 -35,910458
-3,850343 -38,837438
2,179571 -33,704634
-3,524972 -31,129918
-21,797002 -40,840260
-21,488128 -41,564167
-20,702338 -43,163447
-21,994972 -45,176507
-38,741291 -5,919056
-18,038344 -45,191200
-37,984134 0,887896
-19,927038 -47,442568
-23,033052 -43,517027
-37,393722 1,920530
0,368605 -35,469394
-1,369082 -36,454651
-19,110084 -47,890564
-38,394844 1,730032
-19,930101 -42,873584
-19,874629 -38,543026
-37,355041 0,344280
-22,779221 -48,553894
-37,457955 -1,248328
-3,259384 -38,437045
-3,877561 -36,771601
2,883816 -38,851810
-39,073365 -3,056472
2,915170 -33,644304
4,684147 -29,030363
-37,621832 -1,490004
-35,728400 -0,266169
-18,572718 -42,091872
4,280834 -39,667160
-0,109887 -35,333570
-43,977923 -4,791389
-37,068497 -0,509969
0,600129 -36,667495
-35,552752 -3,944668
-1,717598 -34,444421
-35,698263 -1,880682
-19,134921 -42,898162
2,398985 -32,686713
-34,991580 -8,910691
-36,246961 -3,313865
-19,673938 -40,516965
-21,654795 -42,210098
-20,315024 -41,491066
2,334554 -36,519165
-16,580409 -45,889813
-24,933143 -44,910795
-24,209218 -43,625467
1,717007 -32,062003
-20,205273 -41,189900
-22,148176 -40,398807
-21,674768 -41,602204
-23,215339 -44,910764
1,761278 -39,151310
-39,176703 -6,021227
-20,239432 -39,260317
-0,000602 -39,006677
-35,708680 -5,110182
-20,591617 -43,064297
-36,193673 -4,133178
-39,692542 -1,757871
3,149787 -35,804848
-20,293710 -46,287220
-38,528447 -4,593040
0,925616 -35,797754
-36,725089 -3,398123
-38,016759 1,992157
0,466078 -32,616650
-39,053065 -4,220774
0,069387 -38,841024
-38,291494 -1,684831
0,424754 -34,772320
3,232216 -36,064496
3,358186 -34,231748
-20,675985 -44,469321
-23,794264 -45,684752
-36,258161 -4,413575
-38,684915 -4,562574
-21,840567 -41,643191
-20,799545 -37,087135
0,763857 -30,303895
4,852451 -35,294980
-18,428258 -43,166965
-41,288944 -0,624267
-18,149963 -43,407276
0,021853 -36,577806
-0,656145 -37,226938
-20,685130 -41,871950
0,294512 -37,680588
-41,638324 -8,497645
-34,596493 -3,541628
2,598849 -34,967100
-38,907455 -0,604567
-0,489848 -29,866945
-17,601740 -46,264255
4,970969 -32,881473
3,259846 -32,709602
-1,067763 -37,686025
-21,890260 -37,514143
-38,967718 -6,198372
-21,264813 -44,112251
-23,594491 -43,907494
1,676167 -31,089411
4,712175 -34,328903
-41,487272 -6,634321
-42,369533 1,398741
-42,078107 -4,640320
-36,307991 -2,239480
-43,027584 -7,823657
3,072447 -35,492661
-43,959572 -6,912405
-35,959832 -0,802874
1,454617 -35,605050
-41,956022 -4,183187
2,131164 -40,116949
-40,633782 -8,917343
-40,084173 -1,234237
-0,919424 -35,226897
-19,258405 -43,014415
-0,574632 -35,633308
-39,584871 -3,982324
-16,878733 -42,666002
-2,247494 -34,471378
-19,563979 -42,955418
-39,560018 -1,400756
-40,413111 -6,220600
-19,151136 -44,999205
3,849377 -32,003368
-34,251667 -1,271102
1,306444 -37,224728
-38,276029 -4,520942
-15,697214 -47,081851
-21,536036 -43,092291
1,057675 -38,011559
-1,076414 -35,330970
-19,402923 -41,422177
-42,072133 -4,326453
-0,692858 -34,378981
4,988874 -30,985991
-23,839934 -46,591282
-0,290939 -40,123323
0,339584 -31,659324
3,914204 -37,918789
4,099136 -34,987092
-18,762279 -45,026156
-21,923764 -42,929311
-2,173583 -35,398477
-18,672452 -44,304449
-38,626458 -3,132998
-37,564657 -2,437840
-18,566174 -42,381011
-19,248818 -41,828221
-17,142173 -40,333107
4,311285 -31,024855
-21,354163 -41,650508
-19,306552 -40,871022
-0,007221 -29,282685
-38,627559 -5,509162
-19,556906 -45,484202
-22,425936 -43,349389
-38,565787 -3,880866
-39,004649 -7,100718
2,865687 -34,401187
4,490700 -33,596317
-38,966564 -1,848664
-0,225255 -35,385434
-16,417554 -38,411903
-19,751521 -42,639298
-35,625046 -3,703994
-35,216870 -7,162922
-37,996665 -2,589126
-21,688936 -47,339130
-14,531501 -39,419405
-18,064919 -45,464515
-23,653958 -38,612102
-3,793172 -38,262251
1,957868 -31,800611
0,243112 -35,561435
0,500943 -35,169396
-39,918291 -6,344887
-20,371367 -41,190303
-37,767682 -5,932806
-39,338262 -6,164553
1,503776 -35,838233
-38,349143 -1,318779
-17,827837 -40,571668
-35,353656 -2,382328
-19,178216 -43,281199
3,531471 -38,141753
-37,607226 -7,865702
-0,344114 -39,672447
2,505561 -37,085632
-1,846479 -38,917117
-0,788754 -36,828030
-0,124615 -34,160206
-24,557231 -46,874544
-41,563444 -4,269642
-21,993006 -45,735873
-38,108381 -7,007217
-37,054049 -3,487594
3,787988 -34,864500
-17,176139 -42,012909
2,341381 -34,173993
-36,618047 -1,456079
7,001819 -36,498482
-36,602235 -3,688553
-0,981869 -33,051224
5,185022 -36,904981
4,192165 -38,278046
-2,660943 -38,693593
0,418475 -32,839442
-38,066675 -3,505712
-2,652027 -37,200866
-0,196480 -30,967846
-15,677066 -40,700794
1,937900 -37,090946
-21,817823 -37,334348
-3,099931 -34,684436
-20,179740 -40,497715
2,624417 -32,785687
-35,552989 -2,324253
-19,097015 -42,389692
-22,069505 -42,399438
-20,625975 -46,320871
0,888010 -31,436755
-21,912785 -37,850792
-1,993068 -32,866740
-21,716325 -44,160651
-37,828668 -2,892828
-36,754809 -1,890580
-39,726027 -1,896837
-19,312915 -44,392514
3,199572 -37,235792
-1,355309 -40,101831
-16,181078 -39,358116
-17,915731 -41,952497
-38,932886 -3,968089
-19,368697 -43,592957
-21,094695 -41,227145
-36,395171 -7,642163
-14,394541 -46,633982
-21,333666 -44,226569
2,819420 -33,361794
-33,953577 -1,833800
-18,996292 -44,830520
-38,570251 -3,217028
-37,865001 -3,941971
2,242496 -34,716609
0,643941 -38,015536
-40,668786 -2,282001
-23,567722 -40,528458
-40,697668 -7,177888
-43,109559 -6,375518
-18,547698 -40,648151
-1,271013 -33,908479
-36,633400 -4,880151
-38,024808 -2,117407
-2,831076 -35,439109
0,529205 -38,368104
-39,827845 -2,871566
-40,153432 0,271875
-18,752686 -41,173841
-19,285918 -38,812583
-40,105095 -2,042220
-0,749898 -38,087412
-1,802300 -35,065766
-19,200685 -42,865798
-41,811443 -3,759735
-19,500685 -44,215562
-1,140620 -35,347705
1,392804 -37,751532
-2,220004 -31,963209
-41,186060 -2,661440
-40,040489 -3,028403
-36,315521 -3,790702
-37,758414 -2,130160
-17,408911 -39,567629
-17,335644 -44,213368
3,316074 -32,111536
-19,925300 -44,959377
-36,902776 -3,736921
-0,510808 -39,925378
-35,735066 -1,431506
-21,551316 -45,410966
-40,287539 -2,984384
-18,219340 -43,607526
-24,581542 -47,846660
-0,137550 -37,696910
-0,872455 -34,517608
-22,252895 -41,255958
-16,725185 -40,516460
0,994179 -35,846579
-22,502233 -42,706526
-39,636043 -2,285138
-40,226349 -6,487173
-34,046658 -1,842063
-24,189983 -45,669929
-16,508825 -46,696985
2,275422 -37,911292
-1,616333 -40,063651
0,954872 -34,446966
-40,269782 -4,110282
-0,208458 -34,715985
-0,546794 -33,600910
-21,041788 -40,683016
-40,778409 -9,157925
-22,319971 -40,464073
-39,766407 -6,901643
4,759435 -32,440160
-0,270025 -32,949292
-40,519295 -5,126850
-0,954129 -31,695170
-22,392875 -42,288026
2,467278 -33,979101
-1,446433 -32,464539
-0,103198 -35,542833
1,351154 -39,948792
-20,333197 -43,521100
-36,871861 -7,323308
-18,092825 -43,619013
-36,118557 -1,998651
-14,784506 -44,131678
1,435176 -35,179097
-23,310113 -43,794443
-36,889429 -0,537376
-1,884277 -34,802248
-19,825086 -40,793436
-19,901385 -44,285676
-23,551573 -39,350044
0,779398 -36,448046
-36,763487 1,045714
-1,292869 -33,248867
-19,803110 -41,647442
4,110873 -33,617401
-40,214492 -0,122921
-35,466914 -0,531315
-18,829170 -43,496106
-40,056536 -3,604559
-0,036359 -38,518510
-22,761724 -38,622627
-21,186456 -44,601714
-3,159322 -40,392338
-37,950349 -4,599036
-18,251598 -46,196875
-33,425092 -4,284469
-1,844500 -37,740917
-37,098233 -5,141549
0,277969 -34,565198
-16,871386 -39,803079
-2,103407 -37,154122
4,573853 -34,171298
-3,939372 -30,205979
0,101180 -33,941751
-17,014166 -42,138078
-38,074643 -2,753651
-15,798259 -42,518235
3,007636 -37,169342
-17,097831 -45,371994
-2,775651 -33,857739
-39,609265 -4,696458
-2,010724 -34,290817
1,036733 -32,306310
-17,987934 -43,017702
2,028582 -35,116174
-1,957790 -34,354829
-39,123142 -0,004710
-17,962645 -42,633532
-25,347765 -42,924013
-17,161750 -45,978930
1,792290 -34,659817
-21,088767 -46,498765
-38,108477 -4,878788
0,421826 -35,847187
-39,025869 0,363701
-37,997384 -1,901351
-19,400660 -42,544200
-40,451596 -3,235288
-3,318374 -34,892311
-19,193827 -45,227510
-19,019060 -41,197992
-42,743397 -3,074347
-15,620360 -45,267270
5,775961 -30,720607
-1,405965 -38,205179
1,301213 -33,148844
-21,573147 -42,556679
-36,775406 -3,259949
-18,863988 -39,089780
-21,417697 -43,685215
3,113603 -38,550203
-38,156179 -2,084565
-21,205064 -43,911160
-0,544448 -34,375522
-34,676620 -5,064282
3,301091 -36,478233
-41,852577 -3,283804
-25,048413 -44,149599
-0,838964 -35,921736
-1,861772 -33,298414
-37,889238 -3,835276
-1,102250 -38,935761
-39,929081 -0,204913
-38,705151 -5,187599
-21,071166 -42,447829
-33,150011 -3,021293
-20,216853 -38,710675
-16,285789 -41,872404
-19,327829 -43,700699
-25,871621 -46,503574
-16,512211 -38,773461
-37,090137 0,805729
-36,666730 -7,228895
-0,184127 -33,641100
4,229312 -37,341650
2,688185 -34,672191
-40,288849 0,085905
-21,229058 -43,570390
-37,346825 -3,140680
3,110801 -36,790619
1,529510 -37,672475
-35,558313 -3,041620
-37,227345 -0,582103
-15,059849 -40,498835
-33,904069 -2,293482
-3,669920 -39,460793
2,719965 -36,844086
-21,596842 -45,559310
0,305500 -38,277255
0,249650 -36,362426
1,685220 -36,033421
-33,739479 -4,895002
-22,314492 -41,054850
-4,053362 -32,329942
-37,373210 -6,514843
-20,249587 -46,410610
-37,643022 -5,630628
-0,445560 -33,502535
-22,311893 -40,071488
-34,858183 -6,094139
6,237656 -36,379697
-0,249773 -33,676120
-35,770981 -1,565432
-18,401907 -43,884492
-42,075516 -1,434785
-42,705474 -6,563910
-2,121521 -33,261538
2,683538 -39,673911
1,090852 -33,678594
-19,075848 -40,692694
-17,489349 -39,772975
0,474216 -33,697489
1,036061 -36,422203
-18,913848 -41,540783
-1,416127 -35,226081
-39,601720 -0,761674
-17,683265 -40,777278
-33,964557 -3,452157
-35,428784 -7,633149
3,531362 -36,149230
-40,562830 -6,081032
-38,924768 -5,365606
-38,870737 -5,411213
-21,034531 -38,372712
-36,934411 -3,231536
-35,315536 -0,588878
-3,733986 -35,687884
3,743898 -34,098457
-17,528030 -39,429289
0,477113 -39,470890
-43,415564 -7,128534
-1,120393 -33,348468
-36,875783 -6,376010
4,951477 -35,336628
2,380103 -37,413059
-43,441948 2,062266
-19,557023 -47,394161
-0,885445 -37,644185
-42,264892 -3,727778
1,388877 -36,036429
5,328682 -33,411295
3,415046 -35,795412
-39,843269 -0,785917
-16,803014 -37,391572
-14,590757 -39,928551
-23,138731 -43,922372
-20,690838 -43,364749
-36,100037 1,352723
-0,429899 -37,787162
-0,119554 -38,335895
-15,589854 -40,884688
1,373387 -32,477791
-35,534393 -3,626138
-39,902508 -5,272252
-22,449097 -46,689319
-39,489419 -2,340933
-18,918441 -40,801391
2,396792 -37,930061
-35,050025 -3,680213
3,965570 -33,649321
-42,315429 -7,821178
-42,078439 -7,257160
-21,840591 -43,735655
3,315286 -37,956309
0,085860 -33,667387
-38,071515 -1,817839
-41,853759 -5,600125
-16,877306 -42,493890
-23,814027 -42,314000
-42,096493 -4,085419
-39,577994 -4,537551
-23,279236 -48,190326
-20,694878 -41,642378
-18,258087 -42,555775
-41,179611 -1,868300
-39,481398 -3,975815
1,784076 -35,111427
3,346027 -33,849685
5,902999 -30,570150
-19,353339 -41,419972
-22,601936 -40,351655
-40,278208 -6,701385
-41,849735 -5,340540
1,301344 -32,191322
-20,378854 -41,602398
-38,780711 -3,077447
0,959457 -33,728405
2,012781 -33,186474
-21,533181 -39,729779
-21,838598 -44,419639
-15,972611 -41,813802
-42,474916 -1,377670
-19,735566 -47,545861
-25,108212 -46,792810
-41,311476 0,277340
-40,405065 -8,327969
-18,620724 -42,624721
-16,652281 -38,133243
-18,182958 -46,588436
-20,979215 -42,255090
-0,519689 -33,706934
0,305727 -38,162725
-0,670200 -36,789614
-2,424200 -35,643178
-42,253179 -8,333730
-23,697276 -40,312548
-20,511154 -43,433954
-20,564378 -42,142261
-16,218799 -42,872343
-41,243872 -1,105348
-20,748000 -47,374309
-42,956278 -2,433638
-19,495532 -41,728504
-20,111119 -40,393263
-36,019337 -8,190121
0,013757 -39,037707
-2,155145 -34,512268
-19,766615 -45,834719
-39,458982 -0,664318
-17,374517 -39,118167
3,314442 -34,062812
-18,729876 -46,579857
-18,616959 -45,471781
-41,161566 1,169036
-1,078648 -30,272924
-19,225325 -43,254731
-19,843797 -40,527915
-40,093593 -0,147923
-40,493948 -2,207945
-36,481089 -4,829498
-23,738727 -44,250507
-1,944173 -32,403194
4,897731 -40,597886
-37,528610 -0,891726
2,853245 -34,880981
-37,682384 -3,053597
-39,951027 -3,087691
5,531171 -40,951254
-17,728237 -39,606267
-19,649303 -40,959507
-20,017512 -42,428359
4,791930 -36,245538
-36,867441 -8,829350
-0,269863 -35,859787
-19,264591 -44,801022
4,238863 -32,234546
-19,260208 -41,844143
-14,761189 -43,010094
-22,972245 -42,323896
-40,815486 -5,128003
1,267392 -37,118251
3,260578 -37,083747
-36,416595 -6,046057
-15,275655 -41,866292
-18,169334 -43,604870
2,840864 -32,537118
-0,150043 -32,831661
3,233868 -35,724438
-23,356029 -41,578437
-42,177614 -7,092619
3,438871 -33,658520
-17,647704 -41,661689
-23,542428 -46,784058
-34,702031 -5,360605
6,182198 -29,623698
-16,976432 -40,901637
-38,145119 -2,998705
-23,035132 -41,834630
-37,998395 -0,776134
0,401141 -37,983480
-19,708173 -44,959577
-34,250220 -4,773445
-18,887697 -40,308468
-1,445329 -31,004194
-20,870188 -44,168240
-36,270555 -1,568637
3,871947 -36,316243
-38,841521 -0,043403
-36,535125 -4,325316
-17,401313 -40,665889
-40,358876 -3,315883
-39,897235 -5,143260
-24,401074 -39,943152
4,584294 -31,796284
-37,769021 -1,475163
-20,700804 -40,246081
-42,639715 -1,423991
-36,985647 -1,853461
-34,409068 -4,490757
-3,357760 -32,461293
-2,153873 -38,339671
-22,091417 -42,713780
-39,915861 -5,296714
2,926628 -30,938398
1,035011 -35,796815
3,189108 -36,875641
-43,010697 -4,220953
-18,016512 -41,290476
-36,179811 -1,051824
-33,236553 -1,760042
-20,854293 -40,005495
-36,186842 -5,730317
-19,146804 -42,974937
-17,613082 -39,565015
-14,783750 -46,989796
-23,294522 -42,946292
-17,095011 -46,214170
-22,371103 -37,980361
0,489035 -31,697878
-35,355849 -3,443988
0,711341 -33,400197
-34,123292 -1,673919
-23,844061 -46,376219
-20,963404 -37,764356
-2,996407 -37,571477
-2,261117 -34,681189
1,600691 -30,973302
-36,554212 -2,359936
-36,905842 -1,959209
-36,244780 -6,570868
-40,131053 -6,749660
-1,792551 -31,424482
-23,351728 -44,501057
-19,298839 -42,736612
-38,337779 -0,867984
-37,029203 -5,043575
-17,072541 -41,273666
3,436079 -35,306316
-2,101990 -38,363651
-0,152060 -36,255038
0,685588 -37,572427
-36,279628 -3,539346
-18,201937 -43,515533
2,149089 -32,461983
-17,089082 -41,322884
1,424703 -36,628220
-37,348496 -2,803974
-24,899574 -41,294561
-20,196962 -43,298885
-22,416435 -43,926280
4,225942 -36,600285
4,502561 -37,019603
2,875405 -36,170108
-20,406627 -38,653801
-17,361633 -38,378027
-20,507844 -45,186351
-38,836851 -2,401712
-0,645211 -32,485305
-38,511007 -8,642204
-17,340367 -40,419202
-41,833861 -3,695846
-0,398758 -38,239342
-17,358408 -44,177941
-21,129894 -44,499287
6,913692 -31,356250
-17,980641 -43,349433
-2,865085 -36,219931
-16,350085 -42,282344
-39,936470 -1,787008
2,005400 -32,987401
-40,098424 -3,268398
-20,134859 -47,511546
-15,114765 -43,082488
-0,421411 -34,971524
-19,246606 -46,580496
2,096123 -36,182425
-1,812764 -32,132013
-14,545907 -40,097234
-0,126564 -37,298105
-19,906757 -46,420311
-37,662954 -1,717262
-20,097717 -46,093654
-23,262637 -39,237727
-2,401935 -37,056413
-41,504215 1,119266
-22,590706 -43,552474
-1,044645 -32,317321
-37,611253 -2,798052
-22,456619 -46,281399
4,315194 -33,114115
-19,349807 -43,074566
-38,456841 -3,751033
-40,032307 -3,398723
-37,963018 -3,469089
-18,992744 -40,209338
-38,022828 -7,537685
-21,710336 -41,146091
-39,238677 -2,923454
-17,281281 -39,259284
-38,863650 -5,809330
-22,977571 -41,114459
-23,648796 -41,830982
-19,180793 -43,291871
3,109340 -35,801421
-15,011281 -36,855488
-0,021080 -34,493025
-38,315598 1,427307
1,128154 -35,560023
-38,316531 -1,508689
-14,546953 -47,371611
-2,496485 -37,599654
-40,060746 -5,504399
-0,895150 -39,545823
-1,458185 -34,483987
-1,580424 -34,715128
4,926065 -31,749655
-18,336602 -44,381481
-14,352977 -46,468630
-35,578719 -3,863555
-20,775720 -39,387414
0,328358 -36,923234
-15,934690 -42,696518
-18,205485 -44,022181
-36,206607 -8,143295
-19,546188 -47,377843
5,012780 -34,563909
-20,753624 -44,903549
-2,941924 -39,600893
-42,420402 -6,223605
1,120643 -32,369245
5,456992 -33,152528
-39,302741 -2,135652
-19,881467 -41,687657
-20,428334 -41,134227
-17,738156 -40,368029
-41,513525 -6,030706
5,401819 -35,582040
-16,072042 -39,611853
-24,212697 -41,778213
-20,735574 -43,082752
-1,803717 -29,944663
-35,450721 -2,522214
-1,623188 -32,818950
-18,830051 -38,906247
-43,182644 -0,380694
-35,528629 -4,135749
-17,820036 -43,708633
-38,593715 -5,181137
-38,951465 -5,042552
1,248135 -32,149788
-21,400456 -45,306195
-0,171452 -32,064864
-39,317141 -0,536770
2,119864 -32,652091
-22,842192 -42,495260
-19,704408 -43,869470
-0,423620 -37,478214
3,621275 -34,054380
2,401637 -35,649630
-20,116738 -43,843366
-18,301156 -43,355047
-22,104963 -45,299174
-39,117465 -5,202631
-20,059610 -43,623329
-22,901784 -37,600197
-0,038602 -39,019805
-42,241211 -2,535792
-17,074052 -44,045671
-19,399942 -45,813292
-33,078414 -6,343405
-37,090751 -5,482702
-39,539347 -2,572638
-22,805010 -39,272621
-42,214791 -5,064517
1,378688 -35,241162
-0,692800 -33,784878
-2,590389 -34,982563
0,177102 -31,980774
-42,827370 -2,158592
0,992223 -36,708738
5,098271 -34,227576
4,432318 -36,413060
0,864793 -38,759112
-41,484744 -3,958380
-21,718547 -43,016085
-19,742172 -39,306129
-16,841844 -41,723952
2,768621 -33,015540
1,215074 -30,591939
-35,923581 -4,828316
-16,560796 -41,208555
-24,820499 -42,493387
0,707379 -38,297678
0,396880 -35,383807
3,150845 -36,386218
-20,176084 -46,448103
-17,446764 -43,164761
-17,028664 -40,358682
0,772803 -38,188223
-35,690952 -4,875131
-35,876690 1,368336
-37,557797 -1,172505
-1,165626 -31,940651
-22,120073 -44,788746
-39,393715 -7,772229
-36,625666 -3,423340
-21,764967 -42,026050
-38,495117 -0,484828
-39,004358 -5,162406
-20,605606 -42,644677
-20,723753 -46,517843
2,694702 -33,537624
-34,463088 1,482519
-41,453001 -6,224496
-39,881086 0,538518
-19,445659 -42,196314
-15,919490 -45,765839
4,551348 -34,684528
0,555311 -39,938087
-21,144498 -39,238951
-35,676272 -4,918741
-0,365755 -37,607289
-18,293293 -42,928948
-35,905658 -2,272029
-20,438655 -43,071004
5,713712 -37,976576
-23,077988 -45,079263
4,442354 -31,485743
-21,505448 -38,315544
-0,735406 -36,159475
-21,747536 -39,305797
4,409472 -29,466173
-40,466490 0,593791
-20,187950 -42,194972
0,448967 -33,491231
-17,707232 -45,536806
5,806257 -40,445603
-1,272048 -36,605784
-22,577368 -41,974577
2,025303 -34,309390
-2,603653 -34,067003
-36,997513 -0,951712
-0,936339 -37,424547
5,599848 -33,696350
-17,972670 -39,611113
-19,690448 -44,528794
-17,174109 -39,870060
-40,892097 -3,049451
-1,138497 -32,494950
3,852562 -32,368054
-17,678571 -46,500796
-14,159743 -45,102049
3,404116 -34,944862
-21,017176 -39,567399
-17,769198 -44,428233
-18,186042 -43,514278
-22,053483 -41,948809
1,093893 -32,922794
-34,207366 -2,470180
4,261968 -32,870129
-16,629489 -43,838305
1,118377 -31,445424
-17,900910 -42,612086
-36,711919 -5,936318
-18,855626 -37,222633
4,650412 -30,787577
0,827970 -37,690289
-17,295703 -41,552192
-16,010218 -45,528946
-19,205854 -48,099825
-16,854600 -40,570490
-0,150825 -40,366637
-41,380460 -7,038075
-36,414798 -7,931085
2,288018 -35,996136
-3,193483 -31,372720
-41,605619 1,179921
3,626771 -32,467556
-17,029627 -42,866942
-38,170307 -5,009772
0,253823 -40,314843
-17,586890 -42,355016
-23,960112 -43,933094
-22,688778 -44,348671
0,003206 -35,803067
1,801128 -35,676111
1,366825 -38,755676
3,509187 -33,478224
4,127901 -39,201850
-18,569316 -39,814630
-41,234121 -5,617325
-43,690997 -6,801487
-36,690992 -6,695035
-39,285663 -7,696063
2,002834 -37,033819
-19,624651 -44,539385
-18,178428 -39,706376
-17,747549 -42,215332
-22,261859 -41,598529
-38,872290 -7,283222
-20,344410 -40,903825
4,798577 -33,392980
-2,366488 -30,989925
-37,128563 -8,310969
-19,972162 -44,626689
-37,593761 -8,377038
-18,376605 -41,619802
-15,507614 -40,419838
-42,420167 -4,015201
-19,523006 -45,738765
-0,715772 -33,772706
3,466116 -35,877270
-0,784843 -39,915380
3,676667 -36,454244
-15,294121 -47,796911
-23,846078 -42,677008
-3,450926 -36,512827
-18,422307 -39,948917
0,401481 -35,723434
0,996346 -31,972945
3,818867 -33,795810
-34,914949 -6,555281
0,546795 -34,161781
-20,457425 -39,203051
4,511137 -37,333159
-15,774545 -43,744267
-21,765974 -46,687482
-37,818154 -6,624840
-39,035659 -5,274611
-17,018368 -45,145993
1,574260 -36,175300
0,705898 -36,077446
-19,684024 -43,037847
-38,629931 -4,500857
-37,262590 -5,892338
-0,656990 -37,887810
-21,026740 -38,120995
-19,639113 -45,284231
-36,099723 -1,268548
-21,286790 -42,674357
-1,139876 -37,285285
0,002260 -32,303118
-38,593702 -0,979505
-17,982797 -40,111282
-1,525625 -35,628722
-41,285671 -0,188986
-17,303560 -44,151835
-36,000730 -3,917330
-36,310592 0,832320
1,984595 -31,310817
-1,203049 -30,529948
-16,390077 -45,412104
1,295490 -35,637757
1,749924 -37,773015
-36,646573 -6,908619
-32,928439 -5,829124
-2,913390 -34,029302
-37,397468 -6,396252
-37,907215 -1,846092
3,651908 -34,835677
-17,222415 -45,634809
0,726537 -37,784768
-38,127417 -2,386913
-37,662955 -0,186044
-22,938139 -38,573588
6,997598 -35,318749
-39,700254 -3,288443
1,715231 -32,898451
-37,091664 0,256592
-36,094255 -6,989224
-21,057049 -41,890910
-35,198238 -1,584943
-38,701599 -4,690013
-0,535208 -37,373519
-37,178320 -0,033171
3,052203 -32,241433
-21,177403 -44,228357
-15,657848 -46,333243
-23,351138 -39,476710
0,355945 -32,943701
1,049463 -35,997495
2,435424 -33,050482
1,633038 -34,493133
-35,211587 -5,610050
0,978042 -36,998034
-4,717366 -30,114889
-40,997550 -5,023067
-42,965565 -5,999688
3,771223 -36,471123
-23,182827 -44,501640
-23,493660 -44,383249
1,441119 -36,155919
6,421285 -37,651033
-38,571744 -0,305043
-17,645778 -42,314688
-0,032113 -31,340894
-19,621728 -44,191343
1,702468 -35,140459
4,278063 -31,770482
-34,725210 -6,111676
-21,284082 -44,114348
0,757555 -38,261333
-41,823449 -2,095293
-23,483628 -44,898021
-17,472224 -39,499591
3,397324 -32,765128
-21,738115 -42,966599
-35,429212 -2,224347
-18,618492 -47,176511
0,607980 -33,437604
-21,420783 -42,121632
1,506058 -35,858191
1,942824 -36,763529
-3,592627 -33,531233
-35,950341 -5,041182
-39,384064 -1,636287
-21,275474 -43,487750
-38,825457 -3,461593
-2,487197 -34,132745
-2,244762 -33,412607
3,781211 -31,239127
-19,834095 -43,454275
1,916128 -34,643142
-39,584221 -8,873612
-39,692257 -2,370301
-33,045410 -0,688635
1,934516 -30,740461
-23,745730 -43,987437
-39,603234 -2,453767
-36,072761 -6,465713
-42,451042 -2,093586
-40,349703 -2,511762
-0,782844 -34,930775
-22,505406 -41,774117
-22,413240 -42,902007
5,714440 -35,423060
0,406541 -36,295376
-39,153203 -4,646101
-42,002506 -1,403890
-20,435940 -41,198137
-38,291227 -2,802605
-20,518983 -45,417416
-34,930535 -3,469209
-41,802026 -0,368074
-3,014076 -32,094682
-35,585197 -5,195915
-20,116323 -43,139247
-40,447154 -6,784428
-2,104281 -37,297549
2,476261 -34,359893
1,382773 -31,242892
-38,195661 -0,599535
-20,862632 -42,457721
-19,914043 -42,777961
-35,411382 -2,607045
4,152745 -36,869457
-22,138966 -42,832261
-38,167265 -7,535874
-42,682544 -1,151950
-23,117529 -42,609209
-18,661827 -44,196766
-34,890662 -0,052696
-37,995532 -2,617285
-38,009159 -5,223054
-22,713970 -38,893164
-21,485119 -42,471075
-39,261748 -1,251956
-19,697745 -46,499527
-21,322986 -39,618680
-17,175021 -40,581052
-23,028598 -43,469609
-21,672412 -46,165323
-20,472208 -44,087098
4,298452 -32,496541
-18,551001 -40,307625
-36,470024 -5,669627
0,560651 -36,653403
-43,080666 -3,167917
5,351734 -36,114406
-2,549246 -33,416239
-22,338881 -43,252999
-20,585524 -45,496209
-1,267223 -36,666608
-16,654781 -38,714732
-19,602135 -46,503981
-20,469118 -47,177183
-36,059451 -0,107115
-18,503663 -44,083983
-37,770397 -5,942122
-0,566888 -37,135949
-1,749927 -31,112729
-40,811195 -3,703722
-17,408789 -43,821321
-19,039504 -41,043003
-40,290664 -5,152445
-41,960491 0,287894
-22,104573 -43,807740
-38,523501 -4,015693
-19,894185 -43,200713
-24,682474 -40,407699
-3,316808 -33,867960
-36,722412 -6,022190
-40,049146 -4,110960
-39,298784 -5,600580
-21,378896 -40,075236
-1,527904 -34,249604
-36,603229 -3,029419
-19,414712 -46,512465
-18,362155 -43,100695
-21,283742 -43,892509
-18,400421 -45,656121
-21,796851 -44,097379
-21,585241 -38,167521
1,201609 -35,525386
-35,103463 -6,559015
-38,451992 -1,638377
1,260405 -31,441586
3,415232 -35,363829
-15,391008 -39,435789
2,236125 -34,853936
-39,692074 -6,023779
0,319934 -39,041635
-34,224045 -3,101890
-3,883715 -37,819901
-20,181185 -42,734183
-36,668459 0,608709
-42,989936 -5,734029
-23,190108 -45,662074
5,724753 -32,628471
-39,037603 0,415629
-21,289947 -42,405431
-24,048911 -42,083208
-36,996108 0,762985
4,905417 -38,090602
4,122758 -37,595350
-18,739965 -39,472973
-22,033466 -41,787403
-24,800148 -41,589197
0,622161 -34,287222
-41,004079 -2,487634
-36,440196 -2,009273
-16,365879 -44,377284
-34,310694 -9,183150
-22,552264 -46,239798
-39,190126 -2,171181
-18,219596 -39,155802
3,421794 -38,549105
-38,932079 -3,177782
-36,291693 -5,448317
-19,682000 -44,924724
-24,782138 -47,451709
-20,004748 -43,354643
-42,469461 -2,166684
-23,386267 -39,087944
-42,873219 -3,790465
5,188961 -37,749956
2,107225 -33,274017
-42,547045 -4,065702
-38,332450 -1,989527
-0,682870 -36,735157
-40,660070 -6,202141
-33,291536 -7,739982
-40,793106 -6,229578
-38,831785 -1,607354
-17,495039 -41,107113
-18,312718 -38,329053
0,931536 -31,746882
-1,129906 -33,306511
-15,919835 -47,524608
-39,500109 0,293464
-35,998564 -2,703389
-23,463812 -38,491876
-25,071112 -41,520817
-35,418477 -4,441955
-20,851197 -39,420848
3,817000 -38,550405
-38,038242 -3,394459
-34,946995 0,664960
-35,385703 2,317099
-21,601892 -46,742075
-17,518322 -41,490751
-33,350306 -3,354035
-37,568013 -3,319944
-0,080163 -32,031382
-3,341544 -37,233996
2,001899 -29,869382
-38,585075 -3,131542
-17,363734 -43,545808
-39,165487 -2,744382
-0,634316 -33,246495
-14,617741 -43,926969
1,437899 -31,623608
-37,782509 -3,584838
-36,233614 -2,153780
-18,350503 -39,589682
-22,670777 -43,425007
-39,689946 -7,828100
0,494094 -36,795561
-37,003659 0,365114
-38,950986 -0,563373
3,836446 -33,899229
-36,510882 -6,835339
-39,202377 0,034959
-22,344357 -46,683112
-17,826315 -42,774479
-35,859289 -4,794288
-19,261931 -46,487805
-33,901753 -5,041716
-21,636026 -46,111653
-33,278643 -4,192097
-20,786663 -38,388725
-24,208311 -38,964742
-41,194036 -4,050423
-35,588117 -7,120773
-16,712994 -42,808889
-20,706508 -41,316853
-22,174515 -40,600862
-40,165888 -0,053655
3,477530 -37,757157
5,271472 -35,270571
-35,771376 -3,127727
2,499177 -35,129450
-23,219599 -44,528426
-1,166641 -33,902162
3,280480 -30,772068
-2,005914 -34,898818
2,368912 -30,627083
0,481529 -31,253612
-15,773991 -44,376728
-2,052153 -35,565693
1,958004 -31,292801
-42,206331 -2,422241
-39,797521 -4,224859
-19,608781 -40,124128
-2,248235 -33,184499
-37,710512 -4,722264
-38,240834 -0,264919
-33,080349 -3,669845
-22,020911 -42,456144
-37,441474 -4,733918
-38,898138 -2,183241
-22,551801 -40,124210
-16,986829 -46,528878
-38,838212 -0,796901
3,495375 -35,224523
-18,153439 -40,025182
-20,570444 -44,690358
2,613287 -37,597258
5,842050 -33,081683
-38,069139 -0,388070
-39,548384 -6,217357
-18,718466 -45,222895
-0,467028 -35,745934
-22,978952 -44,166196
-16,099094 -43,062281
-3,923030 -31,877818
-39,384003 0,139791
-21,576259 -39,838446
-0,876599 -38,900264
-22,404711 -40,899953
-39,558391 -1,938373
2,605211 -37,013989
-20,566246 -41,114174
5,773569 -35,279044
-20,386036 -46,757116
-0,783499 -36,711454
-35,801927 -0,504121
-20,542558 -40,669456
-19,925039 -47,112899
-1,921234 -34,078555
0,372795 -33,555904
-18,522046 -45,823892
-41,631631 -0,744329
0,655555 -37,873690
2,757569 -30,116615
-21,713505 -45,742536
-41,628746 -4,374410
3,656250 -33,680939
-41,189350 0,131054
-37,461790 -5,373968
-20,224831 -38,194846
-18,116968 -41,636222
-18,435744 -37,674533
-0,035033 -38,546628
-17,402156 -40,799279
1,686950 -36,044049
-22,435494 -41,030312
-34,669682 -3,503244
-20,867935 -40,476321
2,660242 -31,541776
6,271462 -32,329647
-17,865291 -41,795253
3,459625 -35,182127
-36,480515 -3,411080
-23,093481 -46,917242
2,883059 -38,501018
-34,323069 -1,011713
-19,918602 -42,646040
-20,227764 -43,025351
-1,328643 -33,992641
-22,461546 -46,092040
-16,029989 -41,136694
2,506377 -38,247245
-39,978719 -2,603005
4,374897 -38,598312
-42,790647 -0,712734
1,451942 -33,942599
-37,753933 -6,633399
3,986840 -35,659927
-22,199818 -43,720513
-37,381780 -4,905584
-36,409773 -0,345039
-20,299612 -37,792480
-2,427749 -35,457032
2,635225 -34,956288
-38,226683 -2,917337
-38,082614 -5,793847
-38,234703 -6,829790
4,801680 -32,812277
-18,123058 -40,198404
-19,053558 -42,606971
-1,789145 -34,870639
-0,061953 -36,776160
-33,563653 -5,413975
-0,303400 -37,107217
-22,043621 -42,709150
3,808191 -36,569565
1,899012 -33,700796
-22,357999 -41,067092
-2,064074 -33,582404
-38,880691 -2,564883
-22,165865 -39,158959
-24,884296 -38,957812
-38,009587 -1,936169
-36,655515 -0,596883
1,261246 -33,956745
-40,583697 -0,770637
-39,530011 -6,951924
-37,505383 1,771124
-0,347161 -40,231309
-19,570078 -44,355376
-36,597575 -3,014387
-0,415457 -34,123027
3,094207 -38,027132
-2,260937 -37,772566
-18,997324 -44,155641
-40,527483 -3,251288
-4,051271 -33,323986
0,706585 -32,904443
-22,597393 -45,343569
-38,262870 -2,287167
-22,371032 -47,606936
2,482110 -36,046830
3,886950 -33,687843
-42,409312 -4,019277
-38,050510 0,328367
-1,159969 -36,271959
-21,880372 -42,894421
-40,790717 -5,909923
-19,473806 -44,265896
3,632767 -34,805674
-37,844078 -2,710983
-18,548872 -45,824571
2,258898 -37,637767
-40,847715 -0,075033
-20,318817 -42,574784
-22,684176 -41,564525
-19,359879 -41,595644
0,165847 -33,860800
-24,249684 -39,173218
-1,213664 -33,368430
3,250769 -32,203958
4,825424 -37,476974
0,102939 -32,191141
-38,535482 -2,785167
-18,571240 -39,039798
-20,008448 -42,176873
-18,202245 -43,298501
-38,879308 -3,556873
-0,847551 -35,282489
-40,332917 -6,928603
-23,910536 -45,302438
-0,477189 -34,486620
2,204324 -32,992241
-16,423241 -42,819858
-41,797227 -1,507350
-38,803502 -0,575258
-18,497762 -44,699763
-22,796930 -40,539525
-21,809003 -42,718617
-0,646462 -35,990817
-0,805914 -36,754268
-38,968768 -2,931049
-41,086719 -5,589999
-36,784977 -4,028450
-21,190400 -42,954271
-1,439202 -36,964008
-1,969084 -37,613695
-2,107642 -31,783959
-33,556070 -2,640492
-42,355867 -8,192319
-21,192937 -46,202522
1,616096 -34,007054
-22,187328 -37,753737
-40,913005 -6,042962
-39,956098 -3,374433
-39,057986 -4,495912
-22,174881 -42,544347
3,178896 -35,072778
-41,136354 -2,625394
-18,141765 -43,507292
-38,917632 -6,625135
2,363778 -33,058431
-1,094903 -36,447629
-16,393204 -42,198344
-19,707576 -38,827052
-2,739553 -38,840960
1,449125 -30,209218
1,812152 -30,924745
-37,031364 0,791498
-38,893823 -8,909844
0,273371 -33,866403
-14,289619 -42,584559
-18,724794 -40,581879
-38,235804 -3,426591
-19,274882 -46,166218
-3,601806 -37,959984
-19,772145 -42,018877
-20,177689 -45,126850
-18,976481 -40,245822
-2,753817 -31,429351
-3,541475 -33,137326
5,032479 -33,112622
4,379183 -31,178102
-35,110088 -5,787109
-39,433927 -5,356219
-36,988105 -4,702981
-22,659927 -40,796944
-16,287236 -39,959825
-21,698124 -39,843233
-17,977673 -43,424111
-38,123899 0,280382
-40,444592 0,949459
-36,754451 1,099457
1,078037 -38,760537
-36,756683 -1,476760
-41,680030 -5,306470
-20,420351 -39,181398
2,690916 -29,863301
-0,096185 -29,544530
-18,788344 -42,665617
-36,927774 -6,555084
1,967624 -40,364810
4,250812 -38,057084
-37,683039 0,546324
-40,415546 -3,282610
-19,380917 -41,559506
-22,069700 -43,040741
-38,451215 -1,745318
-1,594977 -35,848867
-20,560028 -41,647664
-37,340017 -1,927549
-18,125234 -41,416098
-41,139171 -3,283317
-19,975348 -40,452213
-16,348179 -41,993753
-21,008427 -40,454526
3,661886 -36,360761
2,720046 -32,523059
-15,878984 -38,864358
-38,064011 -5,001280
-0,663221 -35,109832
-17,797659 -41,070597
1,585236 -34,387748
-22,353777 -42,899663
4,865079 -32,771573
2,311384 -35,222724
1,118941 -38,162303
-20,018221 -40,970024
-37,705867 -5,592776
-35,291913 -4,585704
-21,023971 -46,003725
-35,943561 -3,223497
4,200430 -32,958937
-23,946503 -40,097106
-40,257332 -4,071278
-19,314316 -45,080696
-20,898531 -38,997490
-43,194884 1,490741
-0,256966 -31,894732
-41,062842 -3,383115
-20,940914 -42,316224
-37,281781 -8,002795
-0,263092 -31,886301
-35,942843 -7,643133
-23,264586 -42,756489
-23,408150 -40,316583
-38,867410 -2,358305
-22,243928 -40,274789
-23,415966 -45,426962
-32,609224 -5,227590
-18,888351 -43,461126
-21,273909 -37,825662
4,017528 -34,269734
-43,368875 0,943360
-37,134700 2,183129
-21,111575 -42,345733
2,095074 -37,759018
-0,646063 -36,377934
-16,311453 -41,479317
-0,057295 -37,688460
3,226557 -34,119872
2,409422 -33,691177
2,583147 -32,547638
-2,825437 -32,894487
-0,481101 -38,885858
-2,039191 -30,322199
3,311997 -36,078361
-37,820727 -6,388102
-17,141370 -41,914231
4,396829 -32,717095
-40,153960 -2,806531
-22,833214 -45,279914
-20,044496 -39,628538
-38,613980 -1,508407
-0,837933 -32,801642
-36,287891 -4,444040
-23,036072 -43,362406
-35,577309 -3,666800
3,528572 -33,463422
-0,583456 -39,072378
-39,328499 -1,001683
-41,786594 1,992849
-39,582998 -4,549750
-41,166263 -5,793911
0,844073 -38,038493
-38,478813 -4,783432
-37,545980 -6,176148
-39,321111 -0,538537
-20,235967 -43,912000
-18,910717 -46,090659
-18,725285 -44,988316
-41,285119 -3,472918
3,874850 -37,322162
-2,251732 -39,483104
-19,414520 -42,652033
-3,876555 -29,678657
-0,310472 -34,564228
-1,372290 -36,671333
-36,069707 -3,252440
-36,263156 -7,796323
0,749041 -35,892061
-1,769428 -38,286451
-23,693443 -41,186836
-42,260900 -4,256238
-18,099500 -40,298088
-22,179906 -43,455727
-19,253085 -45,041763
-1,004097 -33,593981
4,441720 -30,860753
-18,435828 -42,659694
-21,199947 -39,031904
-19,781750 -42,939636
1,492089 -36,124849
-2,105888 -31,378808
-17,640719 -47,104914
-21,395570 -44,923848
-0,747463 -31,834401
-20,076560 -43,904456
-20,510546 -44,851856
-37,867143 -5,104873
-17,915354 -43,162840
1,529094 -33,771809
4,230128 -34,815535
-3,678316 -37,689607
-38,668161 -1,582349
-1,247397 -34,845947
-36,725482 -5,243741
-35,314182 -7,405868
-0,480980 -38,532197
-18,369358 -41,869304
3,641580 -30,875192
-20,925726 -38,727183
-18,244688 -42,678166
-41,835383 -2,261640
-21,246113 -48,307019
-35,297820 -5,306316
-21,088652 -43,187579
-22,293224 -40,478730
-20,443009 -40,973326
-36,766185 -4,714964
4,544753 -35,038335
-23,159676 -43,624552
-22,580413 -42,771619
-16,018091 -46,949511
-20,767708 -40,843169
-41,543113 0,615301
-19,428880 -42,581418
-18,976912 -45,084648
-17,505371 -44,667854
1,719708 -36,691733
-34,172608 -0,998836
-21,425764 -41,547971
2,193361 -34,578336
-23,476420 -44,842307
-38,046787 -1,903932
-38,616965 -2,640658
-19,011796 -44,839140
-36,521746 -8,736980
3,074041 -38,241910
-0,171001 -32,467081
-2,255907 -35,454634
-42,321159 -8,573117
4,643417 -33,876256
-38,889150 -4,983770
2,195815 -36,701445
2,914703 -32,477584
-22,416346 -44,526430
-18,930261 -40,559281
-41,510615 -1,713926
-41,248153 -1,418799
-37,246902 -5,329599
-36,485201 -1,854334
-23,381076 -40,199349
-38,059323 -4,935458
1,133326 -30,787916
-21,779316 -42,536590
-14,810914 -45,512002
-23,679305 -39,883288
-17,931846 -47,467607
-39,620629 -1,502327
-41,340808 -0,524129
-21,549021 -42,772975
-42,816090 -2,057821
-17,530327 -46,002788
-34,395373 1,205704
-41,915002 -8,196912
-38,441526 -6,009796
-0,186457 -38,273658
-38,526067 -3,585798
-2,676177 -36,091908
-36,814628 -5,807168
-2,179968 -33,331879
-18,415845 -41,892600
1,026267 -36,470978
-36,929040 -7,881839
-14,924692 -43,744822
-41,530594 -6,364275
2,006238 -35,206082
-20,300428 -42,188244
2,532552 -36,612413
-41,466903 -3,328338
-39,353158 -3,495938
-37,629645 -5,037763
-18,576733 -41,720814
3,975304 -40,412629
-19,351078 -44,393441
-37,000633 -1,948021
-35,316877 -2,707112
-17,573372 -41,934250
1,556038 -30,395337
2,467310 -36,902006
-36,971715 -7,479515
3,465468 -33,676991
-1,524406 -32,639501
-20,216589 -47,944882
-17,432337 -40,965302
-17,882400 -41,107287
-18,750001 -41,278919
-21,016675 -44,899509
-16,369024 -45,395770
1,843159 -37,380178
-18,540998 -45,938103
-37,168169 0,465228
-0,123746 -37,729633
-38,069758 -4,341747
-40,351124 -5,962991
-25,507825 -46,462581
-38,053601 -1,832414
-41,818225 -4,283774
-37,273709 -3,513119
0,354637 -32,811804
2,358608 -35,812384
3,750389 -38,158575
0,473154 -35,352304
-35,397176 0,397016
-21,436357 -45,258822
2,548986 -38,967072
-35,692289 -0,155248
-34,785378 -5,326320
2,734222 -39,411901
-40,321559 -2,751876
-39,201667 -3,083205
-37,267547 -2,840175
-0,030943 -33,986039
-36,985642 -4,886522
-33,771489 -6,058992
-20,372825 -43,350647
-39,075009 -7,342029
-36,505596 -4,343410
-18,903879 -42,468545
-20,555736 -43,455291
-21,893665 -40,882518
-17,965232 -42,028575
-14,182266 -40,893559
1,448086 -34,327170
1,036777 -34,709481
-36,873061 -4,526506
2,583182 -31,911769
-41,807604 -4,926295
3,641501 -36,284158
1,249419 -32,264907
-16,904430 -45,306297
-20,779930 -44,806016
-37,130114 -2,893248
-17,301715 -46,628774
-39,526202 -2,427355
-18,904794 -40,414469
-18,666491 -41,926714
-42,963625 -2,483447
-38,213310 -1,551103
-21,204130 -45,547937
-41,446541 -1,843397
3,214116 -37,602830
-37,506897 -4,182120
-17,425030 -41,609981
2,071905 -34,703566
-36,072760 -7,352519
-16,869412 -42,889901
-15,487848 -44,613180
-39,085374 -2,549856
-39,683611 -5,061670
-2,454755 -36,780079
0,342678 -31,404144
-21,668159 -40,804548
-40,835660 -3,272643
-34,791621 1,793005
-36,340556 -3,852461
-22,774969 -45,676626
-22,694103 -42,235546
-23,199533 -42,470622
-22,891260 -38,852606
-16,679537 -44,448212
-39,162702 -4,496419
-37,566755 -1,905875
-35,508817 -3,661218
-37,335393 -4,149710
-38,928241 -1,992800
-22,729972 -44,733200
-21,790344 -41,227034
0,200110 -36,971140
-20,310380 -41,971846
-19,928476 -44,477402
-19,798875 -42,100038
-3,250197 -30,011679
-38,586038 -6,554029
-16,924731 -45,911318
4,980458 -36,201333
-18,785387 -41,919158
-38,099762 -4,077677
-39,608229 -5,970349
-21,278001 -45,256082
1,195676 -34,970460
-35,756726 -3,750717
-21,740594 -38,904159
-39,102436 -2,952251
-20,848074 -47,194980
-40,100627 -2,733318
-17,758038 -47,304224
-20,382711 -39,570233
4,970947 -37,935613
-21,138974 -42,494221
2,139600 -32,627293
3,143510 -34,943940
-39,365078 -7,995501
-35,570910 -3,190662
1,097766 -35,585939
-3,061755 -40,395222
-40,714754 -3,763432
5,848509 -32,419758
-2,050163 -38,944707
-19,169643 -46,331164
-40,311003 -1,777495
-40,567583 -5,867062
-33,556635 -2,977908
-34,065235 -1,530314
-24,394557 -44,339383
0,975922 -37,461192
-38,344503 -2,520268
4,617105 -33,740328
-20,666172 -44,305898
-40,658963 -1,903530
3,862631 -33,236600
-22,639845 -43,390544
-20,513262 -44,445577
-37,028981 -3,050565
-40,993767 -2,187897
-35,669121 -1,086945
-37,506243 -4,397794
1,569013 -32,223203
-19,074759 -41,824377
-21,119596 -38,034095
-37,091529 -6,250724
1,958736 -35,237127
4,006942 -36,269947
1,590411 -32,335914
2,453943 -34,001996
-18,981333 -47,657207
-20,577569 -41,310183
-16,430724 -39,363006
-36,231235 -3,750936
-20,980196 -41,541188
-20,820440 -39,385883
-38,769738 -3,630798
-21,628555 -43,907422
-21,215364 -41,805479
-19,089420 -43,378843
4,153079 -32,897583
1,610489 -32,221638
-40,929386 -6,512264
-20,124252 -39,226229
-2,141701 -36,262732
-1,026724 -36,431729
-0,632955 -38,824424
-19,270883 -42,258984
-23,885961 -44,044602
-35,686851 -2,464541
-40,756164 -1,264420
-36,106937 -1,826189
-20,004717 -47,766721
-23,036036 -40,309389
5,952706 -35,219730
-38,616024 -1,152318
-17,317219 -40,508904
-18,407052 -42,891254
-39,410308 -4,919071
-20,562962 -44,290933
1,675765 -34,436935
3,312872 -31,252191
-15,515764 -37,914607
-39,132331 1,403736
-37,745736 -0,271931
-41,427334 -4,164549
-39,955605 2,381741
3,722222 -30,835914
-17,481383 -42,612523
-3,118278 -31,473162
-0,723206 -35,813884
2,607090 -35,818235
-23,840498 -39,241186
-35,038583 1,079589
-33,245026 -1,192421
-0,066113 -34,916156
0,471638 -33,789066
0,030029 -37,808213
-41,118861 -1,124248
-18,226076 -45,884853
2,678639 -35,626692
-37,095744 0,623433
-19,024709 -43,114127
-21,157094 -46,834851
1,112136 -29,966315
-40,321470 -6,676074
1,599941 -31,709202
-20,858523 -42,925760
1,949219 -35,905169
-40,329757 -2,062717
-15,946074 -43,987885
3,847403 -34,524001
-0,704057 -38,483648
-21,584143 -42,188919
-18,817715 -41,733239
-19,144266 -39,237797
-22,057253 -43,011196
-38,331676 -6,355232
-20,617773 -38,380050
-1,473355 -35,769272
-38,368655 -4,166814
5,791265 -34,578772
-35,200001 -3,281195
-39,686150 -6,403862
-40,878268 -1,356972
-19,806888 -38,278879
4,623642 -32,337217
-37,115545 -4,698879
-24,266027 -41,200040
2,506885 -36,455128
-16,958272 -43,688397
-39,372478 -4,715138
-19,514888 -40,252829
-17,915260 -40,824506
-39,686428 -8,543470
-37,903071 -1,515129
-22,338751 -39,776929
-20,818699 -41,554816
-17,742728 -47,782245
-24,177448 -44,303316
-24,483768 -43,559473
2,866398 -39,510033
-21,026891 -46,590998
-37,833172 -6,154919
-19,722480 -38,660773
-23,222307 -40,040451
-34,916443 0,748761
4,186473 -39,245827
-38,810590 -5,909772
-38,288227 -5,568909
2,619846 -33,980780
-18,992174 -44,160324
-16,558403 -47,066800
1,266658 -37,979912
-17,846414 -42,741921
3,915659 -33,805074
3,376722 -32,509782
-37,612900 -4,932847
-39,687570 -6,810425
-20,900794 -42,031586
4,397904 -31,436805
2,806755 -34,482202
-38,518318 -5,644842
-19,661633 -47,455922
-36,295595 -3,639628
-36,592039 -1,196225
-20,089932 -43,099024
-22,421609 -44,224727
-35,272127 -5,928690
-19,700731 -40,886123
-40,937825 -3,860757
-41,998019 -0,684354
-1,864326 -36,562375
-0,848734 -40,100719
-19,151150 -42,937564
1,086864 -30,869571
-36,589707 -3,230602
3,431335 -31,813185
-19,273340 -38,936823
-0,459649 -37,393695
-38,356265 -6,657400
-16,091237 -42,571989
4,999454 -37,018882
-0,059003 -34,945861
-22,165048 -42,437917
-19,977342 -43,525513
2,631840 -34,872528
-20,953881 -44,556166
-40,011526 -2,454855
0,690222 -35,384520
4,801589 -35,028559
-17,648526 -40,378085
-0,097600 -37,195233
-1,007384 -35,467211
-24,381495 -42,831478
-23,386367 -43,140750
-40,202473 -5,614113
-18,716675 -42,332747
-38,154183 1,097895
-22,520586 -42,689989
-0,792561 -33,678521
-18,121279 -40,923767
-37,562626 -6,179444
-41,491507 -2,014127
-34,815675 -8,251816
0,381722 -30,781134
0,589346 -36,533395
3,035143 -40,476406
-21,295147 -44,257820
3,726681 -33,671576
-24,739107 -42,919386
1,224179 -33,644249
3,333150 -32,248010
-22,175147 -43,125984
2,177151 -31,228475
2,106166 -36,758335
-20,842788 -42,660453
3,002982 -37,109211
-40,120947 -5,615630
4,544529 -29,995257
3,870818 -35,560213
-35,000125 -0,317727
-21,840770 -42,233088
-1,189673 -33,012911
2,989942 -32,971206
3,283250 -36,335827
-19,139007 -42,100095
-2,598736 -35,263702
4,895342 -33,365074
1,266231 -34,668649
-0,049230 -36,403510
1,907123 -33,770178
-3,396721 -32,047663
-17,087762 -44,847661
-19,838287 -40,130867
-15,809500 -44,185374
-17,765635 -41,697503
-0,421872 -32,550932
-36,450182 -2,147843
-22,190619 -42,855912
-2,353142 -37,172541
-16,863592 -42,018268
-39,576039 -5,152844
-39,993024 -3,237659
1,694066 -34,240653
-34,674342 -2,258930
3,923795 -36,210111
-35,814332 -8,548438
-20,953835 -44,875175
-17,102476 -47,001527
-39,720167 -3,325262
3,131905 -37,173173
-17,745012 -41,240158
-36,198964 -4,692161
-34,481858 -3,301759
1,589988 -32,230725
-39,559311 -6,128033
-0,542628 -35,020817
1,034040 -37,675117
-22,275509 -39,410455
-21,831303 -42,840006
-19,184901 -41,681939
-21,322924 -41,055461
-25,177761 -44,007267
-39,488442 -0,796978
-34,558131 -4,664667
-18,609722 -43,931340
-17,709510 -46,111569
5,111234 -36,135964
-40,680399 -8,926850
4,644463 -33,319206
-39,558217 -4,371703
-23,530408 -43,575403
-36,815073 -2,452541
1,408846 -34,901142
-19,163689 -45,664074
-18,127355 -42,914481
-38,820264 -4,621476
-22,182600 -40,961129
-22,684397 -42,014756
-35,247225 -6,276145
-19,791095 -39,746592
0,934793 -36,611053
-0,918593 -35,127868
-17,674912 -40,815730
-23,227579 -41,184336
-17,304284 -45,167776
-37,234186 -1,299581
-39,203197 -0,785649
3,052072 -32,802052
0,868326 -35,708381
2,790885 -36,953409
-1,815783 -36,954390
-42,686220 -4,078302
-21,859586 -45,360751
-19,527620 -45,001529
-21,051666 -42,183638
-22,172195 -46,706137
-0,680413 -33,103097
-18,274024 -39,804780
-39,233926 -5,784473
-18,405628 -47,777343
-42,503552 -6,101278
-17,088667 -40,063058
-37,287391 -2,359285
-16,379517 -46,082634
-22,990238 -46,919772
-2,521683 -38,481615
-22,485783 -39,385025
0,160877 -34,577400
-18,038705 -45,232504
0,645536 -34,286084
-17,144295 -38,451171
-40,175109 -6,585626
-22,928525 -46,229152
-36,986065 -7,838131
-37,889549 -2,844960
-23,217138 -43,684686
-38,030979 -1,960544
0,890525 -30,725777
-20,283745 -42,297867
-19,107892 -40,436333
-36,925560 -0,295090
5,882452 -35,351014
-36,805873 -7,870562
-39,051985 0,099022
0,865087 -35,003877
-3,938551 -40,122228
-38,345917 -4,779239
3,707708 -31,964530
-36,205113 -5,349549
-38,471928 -0,053132
-20,286061 -45,335301
0,913986 -38,489238
2,797694 -31,527564
-38,268402 -2,151118
-14,676650 -39,605513
-40,660136 2,321870
-21,351164 -42,854420
5,987002 -36,407074
-35,920448 -3,019749
-35,476276 -6,304938
-18,628779 -41,212037
0,135501 -34,166159
-39,710089 -3,961481
-19,027283 -42,801284
-40,043708 -2,329568
-38,841731 -5,374955
-21,913436 -46,005683
-16,006432 -46,556741
-19,675839 -43,321339
-42,562147 -0,084960
-20,407476 -46,960177
-19,215247 -39,332908
-19,844666 -40,547073
0,132761 -37,196157
-19,665399 -42,468835
-19,395969 -42,531361
-36,350927 -3,302484
-17,442586 -43,145513
-38,156393 -4,721149
-23,388636 -44,388598
-36,489186 0,185040
-38,050669 -1,511817
-33,504744 -3,716904
-40,316617 -2,762707
-0,967742 -37,343283
-18,836131 -45,087091
-40,200884 -0,802683
-15,429319 -46,931485
-21,438641 -47,902589
-15,237834 -42,072023
1,565786 -33,501210
-37,816551 -0,771941
-2,274602 -32,551341
-36,831604 -4,419075
-1,165624 -34,522320
-43,777755 -5,101589
-33,380933 -4,805312
-19,194519 -43,960697
1,215478 -37,120139
-16,262333 -43,697730
2,119813 -30,089269
-40,775509 -0,972198
-38,278117 -2,656527
-19,524262 -42,769402
-37,061631 -3,864279
-36,527445 -2,624405
-18,066566 -43,564873
-38,267129 -4,476128
-22,143733 -43,630936
0,159942 -31,849449
-21,408896 -43,373449
-20,011033 -45,000668
-0,906857 -38,649179
3,557803 -40,054253
6,049041 -35,810425
-21,140411 -40,541483
1,887510 -29,723243
-1,751050 -33,842936
-0,426533 -37,256299
0,837186 -37,973010
-21,593909 -40,154550
-35,641186 -3,786938
5,052827 -38,326421
2,949495 -34,112969
-40,535824 -6,358682
-39,556834 -3,991001
-35,761794 -0,409827
-17,714390 -43,515621
0,986842 -31,862880
-35,538965 -5,043287
-19,979867 -41,959352
-42,850068 -5,482701
1,948272 -37,801301
-20,272812 -44,287934
-35,453446 -4,593871
-20,468909 -44,083298
-4,109632 -35,461805
-40,065037 -7,307559
-17,468902 -41,580032
-42,816131 -3,939977
-20,592175 -44,279253
-20,741481 -40,354388
6,305162 -35,160987
-0,123113 -34,326000
-15,598469 -46,685484
-20,705243 -46,668798
-41,014989 -5,830880
-40,599026 -3,169206
0,935798 -33,776005
-20,477705 -46,851814
-41,835634 -5,631570
-35,450190 -6,077268
-15,144920 -42,900351
1,926407 -34,511785
-17,997229 -41,273460
1,526316 -38,299109
-39,975556 -7,302122
-37,463935 -5,960912
-1,152896 -35,781251
-18,822177 -41,912273
-39,114473 -1,665693
-0,129452 -32,442867
-17,770762 -40,334255
-36,827156 -0,845075
0,414110 -32,729283
-34,088802 -6,977013
-0,245967 -36,025332
-43,027695 -7,307900
-37,695364 -2,643328
0,207397 -35,356364
-0,490241 -35,081531
-37,839539 -3,750417
-20,313011 -45,024306
-16,539235 -47,355763
-15,782589 -41,647446
-33,946912 -4,900077
0,526328 -34,369612
-22,201431 -42,873866
-20,970381 -43,031219
3,454392 -33,659273
-0,984323 -33,169756
2,932847 -35,610412
-0,560193 -35,196892
1,886977 -34,129340
-37,163063 -3,225767
2,104382 -36,930939
-22,807939 -44,635840
0,818050 -38,209295
-3,914488 -34,392324
-17,854946 -42,015247
-1,530780 -32,306911
-20,879997 -39,969736
-38,203817 -7,746318
5,013456 -35,016573
-38,284254 -3,536789
-33,749976 -0,684332
-2,854770 -35,454044
-39,983849 -0,623459
1,974010 -33,832797
-17,496062 -44,570162
-38,739687 1,697096
-23,661756 -37,107150
2,734292 -36,984729
5,289206 -38,350244
-33,941435 -2,421408
-16,307002 -41,530423
-33,724345 -6,299144
-17,613154 -39,489265
-3,128598 -37,341402
-18,506312 -43,554722
1,854670 -37,194346
-17,100815 -43,754131
-37,219116 -3,744505
-16,434771 -45,842876
-24,389036 -38,280868
-23,995517 -38,487807
-15,869299 -42,140555
-39,499784 -6,437214
0,791368 -32,536406
4,308992 -32,855442
-20,395806 -38,390647
-38,169781 -2,646526
3,934431 -33,003048
2,791352 -34,202769
-38,422427 -2,211055
-35,058377 -1,871234
-37,052790 -3,294447
-37,974292 -3,593939
-23,149406 -39,599556
-20,447424 -38,389723
0,382237 -31,868573
1,995017 -37,353485
-20,510602 -45,929383
-16,549639 -41,063135
-39,345326 -2,837157
-39,140771 -6,586105
-1,247356 -38,509445
-15,008654 -42,398189
-18,539727 -45,622100
-20,405841 -43,958606
-20,330769 -43,373957
-35,513202 -2,916447
4,459781 -34,107552
-20,560234 -44,246829
-17,475505 -44,123210
-19,184423 -38,945556
5,113291 -37,157999
-21,770426 -41,584712
-34,815865 -6,262704
-41,540780 -0,535230
-24,385988 -42,531654
1,529888 -35,715188
-17,590908 -41,147880
-39,185010 -4,506310
-21,235402 -41,517597
-19,342755 -43,189389
-18,188201 -39,025721
-36,494217 0,095577
-20,694045 -42,765897
-20,687740 -45,024957
-0,218271 -40,103601
-38,154111 -0,847697
-37,824973 -3,873449
-43,476781 -6,662813
-0,773139 -29,641103
0,688717 -35,305341
-38,660495 -4,439184
0,294538 -38,104044
-39,405071 -6,576106
2,686992 -33,301067
-38,584414 -1,390635
-34,939692 -3,544665
-1,365210 -33,593246
3,381311 -34,968672
3,073542 -32,907113
-20,485603 -45,269080
-38,228602 0,134319
-37,457363 -1,680044
-36,313989 0,204333
-19,041015 -44,179582
-41,085075 -1,402092
-40,924614 -5,617872
-20,953842 -43,396426
-18,631716 -43,882468
-23,920797 -38,580187
-37,062434 -4,433657
-18,578861 -40,371132
-22,964898 -46,156148
-25,222162 -40,824260
4,306237 -35,506068
-20,277926 -47,341227
-39,269688 0,181060
-20,846711 -45,667640
-0,282498 -34,654629
-21,264152 -39,665925
-25,333956 -47,229604
-19,705852 -47,250489
-34,935916 -3,188426
-3,030212 -38,801578
-21,064674 -43,094258
3,641740 -33,489130
-40,718070 -4,354184
2,633657 -33,566560
-1,802484 -36,317115
-20,653969 -45,143068
0,270432 -37,701260
-24,616665 -40,136765
-24,226634 -46,915752
-22,674928 -44,737751
-21,927126 -42,752928
-36,709974 -1,381207
-17,433487 -42,097873
2,045728 -40,286188
-21,080393 -40,234175
-22,784758 -45,155665
3,827663 -38,441124
0,808344 -34,822002
-35,897113 -5,751895
4,574347 -34,133522
-34,604202 -6,222448
5,414420 -33,311635
-20,919669 -42,633483
-38,892454 -3,983770
0,328300 -36,398675
-20,685440 -41,643887
-21,406581 -40,219120
-22,513786 -43,048729
-35,870167 -2,485409
0,218936 -30,556410
-38,449200 -3,059494
2,708081 -35,458351
-17,406584 -40,944073
-0,419207 -39,513057
-38,715831 -4,572786
-35,085989 -1,499081
-16,990762 -43,592594
0,267754 -34,500606
6,587836 -33,433086
-34,017051 1,320719
1,857433 -37,455625
-23,376178 -42,286439
-35,768399 0,260187
-18,515690 -45,122432
-42,374555 -3,667355
-2,532205 -35,593026
0,275806 -34,576735
-41,534334 -5,211756
-18,859923 -42,777595
-1,073281 -31,972920
-3,705142 -35,463689
-17,413669 -44,797374
-20,881087 -38,754074
-15,999264 -44,562963
-42,061401 -2,811058
-39,329195 -7,246269
-41,722939 -2,524746
-43,144940 -8,233718
-35,304925 -3,729797
-37,543749 -2,547836
-18,534167 -47,366399
-18,072282 -42,813426
-1,650686 -30,769432
-41,728907 -8,599846
-34,364315 -5,773249
-1,737223 -33,725430
-17,999187 -44,753221
6,191958 -38,487004
-39,925043 -2,499130
-1,443126 -33,555268
-1,044422 -35,906165
-37,692440 -1,866132
-2,962163 -32,067075
-41,997095 -2,040371
-18,030007 -43,486833
-21,025580 -43,277535
4,472273 -32,647511
-39,033467 -1,012419
-37,510501 -3,438223
-25,423095 -41,303710
1,840923 -38,020448
-41,027941 -6,868613
-24,452739 -41,097128
-37,274176 -3,993721
-39,349089 -5,812768
-4,017623 -35,511905
5,737263 -32,578367
2,805380 -37,671844
1,698640 -31,598267
-0,323940 -32,904907
0,714095 -35,483891
-38,043721 -7,812456
-0,683273 -34,857139
6,450011 -36,098978
-0,235504 -35,464611
0,025748 -32,699810
-39,791377 -1,927607
0,915653 -32,889396
-21,876947 -42,713985
-23,897975 -43,517285
-22,129741 -37,892437
-35,873508 0,149498
1,453601 -33,506460
5,246605 -38,658587
-16,777229 -45,103635
-38,278101 -2,754522
-4,007064 -36,871178
-40,207110 -5,636019
-37,796923 -4,504887
-37,070325 -4,914194
-38,535986 -6,751625
-38,381366 -3,906454
-19,640605 -39,789428
3,652554 -35,120823
4,068269 -34,964287
4,421997 -35,259224
0,147786 -34,431863
-25,085399 -45,546575
-37,527901 -6,100453
5,353023 -36,486624
-39,761241 -1,354390
-0,730638 -38,373071
-23,562172 -44,848914
-20,974152 -39,758855
-20,014470 -43,002071
-37,007326 -1,899318
-43,539324 -7,505730
-39,590198 -5,440968
-33,188709 -7,853069
-37,129111 -4,394649
5,264398 -36,457864
-15,396823 -44,856185
-23,110957 -43,947854
1,161149 -29,699198
-1,492045 -31,637784
-39,281186 -3,821816
3,812576 -34,429596
-1,217412 -34,354338
2,740593 -34,319385
3,855960 -32,048888
-19,868816 -40,796928
1,263706 -33,791881
-14,600575 -38,831579
-17,811547 -47,023480
-17,091866 -44,675222
-36,090278 -2,102575
-1,218857 -35,001610
-16,465152 -42,108737
-38,080880 -5,071670
2,095705 -39,357819
-0,379666 -33,523990
1,594602 -35,979008
-20,268542 -42,856374
-42,429306 0,847056
-37,489924 -2,265800
3,852986 -33,699728
-25,450437 -43,236556
-20,650712 -45,653502
-19,189069 -40,462621
-20,607428 -44,782331
-41,170350 -4,102112
-0,255981 -31,988284
0,915115 -33,369368
-22,564128 -39,545884
-33,880184 -5,307358
2,779638 -34,257151
2,391312 -36,405723
-40,616677 -1,652686
-18,270023 -37,981282
-18,083796 -41,252033
2,139347 -32,320454
-1,960663 -36,207119
-0,581084 -36,454029
-19,105355 -41,906446
-38,250371 -6,043775
-36,513445 -2,533700
3,676760 -33,618413
-1,341516 -34,468285
-1,652651 -33,082825
5,068754 -36,298710
0,971011 -39,094216
1,404416 -39,803168
-36,730522 -3,559685
-35,095584 -3,683903
-21,091089 -40,973658
6,069405 -32,542927
1,313253 -35,572719
3,047827 -31,311792
0,233162 -30,808447
6,215000 -30,318589
4,958515 -30,700012
-0,243556 -31,085447
-22,777920 -42,724366
2,645421 -37,000767
-15,356880 -39,399579
-37,173946 -1,252755
2,567989 -30,638530
-39,616540 0,422656
-21,902494 -40,988433
1,481639 -35,379691
3,803669 -34,239277
4,899895 -36,692406
-37,225161 0,631140
1,677772 -34,197683
4,253833 -35,870024
-23,688062 -39,249036
-17,083687 -44,504599
-37,570093 -5,620596
-40,656421 -5,446020
-38,305710 -1,494470
0,977418 -33,735021
4,100469 -31,742128
-37,163010 -3,079409
-1,351819 -32,269007
-22,375294 -43,277768
-19,319201 -41,435291
-20,648625 -38,631144
6,064708 -33,734591
-42,614493 2,014990
3,981889 -37,223601
-24,748757 -41,556387
-2,466537 -32,707567
-1,504815 -38,028324
5,829034 -31,633642
-16,004941 -38,437095
-39,685416 -3,829422
-37,698700 -3,795040
-41,912196 2,276966
-18,387179 -42,670625
-19,268302 -41,312432
-36,184968 -3,861660
2,013213 -34,598954
3,936041 -36,522495
-16,090169 -44,514696
-40,844631 -5,852508
-2,938176 -34,277581
1,269737 -31,193444
-39,215272 -4,748043
-36,676981 -2,398347
-39,366980 -5,406786
-18,735793 -42,941348
-23,137200 -45,618384
-35,660046 -7,610752
-23,014762 -40,463764
-22,070042 -42,162206
-20,118999 -45,558011
-21,464469 -45,267497
-37,183638 -5,114904
-19,435047 -39,850149
-3,083765 -37,183433
-39,894420 -4,125185
-21,678093 -37,087456
-17,012096 -40,735340
0,887122 -33,598258
-21,943569 -43,055332
-36,111171 -6,803003
0,861519 -31,751659
-21,745237 -41,722270
-17,396577 -44,032143
-41,112074 -0,505827
-38,030921 0,014245
-34,794564 -3,111687
0,934818 -34,419519
1,961534 -32,543468
-42,046619 -5,404738
3,483640 -32,787523
-19,459296 -40,745266
0,971729 -30,309545
-38,906782 -0,867126
-1,939903 -36,396747
-3,372131 -34,532879
-16,286265 -41,608936
-1,743569 -33,324699
-18,279289 -42,832953
-37,428204 -3,273209
-4,176742 -37,441376
1,687720 -39,047600
-19,622414 -47,421892
3,636231 -35,621620
-37,880801 -6,260633
1,177816 -30,922390
-23,666918 -44,114702
-0,994328 -37,061660
-37,901771 -6,388796
-18,619770 -42,010838
-34,542627 -8,164718
-17,212916 -42,492255
-0,727232 -30,451038
-41,358180 1,102077
-36,396868 -1,884485
-2,021246 -32,439401
-20,430178 -45,097544
-17,780282 -45,424289
-38,870229 -1,992102
-2,857198 -34,269672
-0,124255 -33,996810
2,662666 -39,500832
-36,954733 -2,110824
1,666539 -39,465909
-19,959067 -47,598200
-39,639640 -2,608894
-38,829719 0,107520
1,556930 -34,183893
1,659317 -39,362721
-42,533240 -2,120745
-17,728707 -45,515117
-39,384024 -2,399440
2,678512 -31,145988
-23,415610 -39,829819
-0,382880 -33,476321
-43,819269 -1,708762
-21,844313 -39,495539
-20,881166 -41,933381
-40,094722 -8,751152
-22,075656 -42,071740
1,865795 -34,329381
-22,155695 -43,415909
0,168825 -32,018513
-16,097291 -39,032414
-40,504034 -0,488311
0,334153 -35,378772
1,930382 -38,535725
-38,722348 -2,524145
4,160068 -36,299087
-38,383845 -6,942259
-22,001982 -39,160906
-2,281943 -34,046613
-19,401460 -43,882066
-21,135020 -40,541985
5,728005 -33,254126
-25,183204 -41,068554
-18,225982 -38,035979
-23,914658 -44,228372
0,528503 -35,829697
-1,659773 -35,692132
4,281415 -36,389065
-20,367662 -46,393904
-34,664597 -3,574628
-37,534796 -5,553587
2,314428 -38,772885
-18,483407 -46,658628
-3,017714 -34,446078
-19,642333 -46,889479
-20,315472 -45,016665
-37,002870 0,323253
4,919047 -34,572859
-35,316243 -2,809291
-40,587103 -4,820191
-1,697541 -33,813872
-39,260466 -4,783115
-39,391289 -3,777271
-0,350837 -36,909671
-36,956484 -3,954310
-20,309353 -42,369147
-14,035888 -40,607747
-17,306150 -43,799372
-16,166668 -46,189341
-3,099141 -36,564588
-33,788641 -3,828357
0,738046 -32,794573
-24,382989 -43,916477
-35,577999 -1,763521
-21,792172 -45,329277
-34,233177 -3,581645
5,824869 -36,366954
-4,306088 -37,509186
1,078213 -36,875176
-20,747494 -40,666696
-39,144087 0,904522
-2,775054 -33,790452
-36,524358 -0,510647
-3,766986 -38,962490
-36,595631 -2,037920
-36,809675 -8,578716
-34,103589 -4,844088
-43,291745 -4,121532
-22,479336 -42,812522
-35,061416 -2,882874
-22,383545 -44,889766
-3,264602 -37,017650
-21,810826 -44,623223
-19,630186 -43,448621
-38,856819 -4,206317
-21,171910 -44,980282
-20,153171 -43,568312
3,677768 -33,856051
3,357766 -34,632075
-19,519530 -42,956604
-40,602710 -4,725686
-15,694624 -44,454901
-42,051889 -2,274799
-35,524539 -3,134452
-20,968946 -43,904176
0,393164 -31,869723
-19,241999 -45,960119
-41,667827 0,653474
-16,001248 -39,356053
-20,424697 -38,561141
-0,564495 -38,204984
1,568175 -34,946885
-3,389194 -40,411149
-2,808596 -39,599290
-41,104432 -4,180950
1,250672 -30,383286
-21,556613 -46,777893
-33,995507 -2,284214
-18,891513 -43,513549
-22,584742 -43,664349
3,544269 -36,479759
-38,436398 -0,309423
-22,640418 -42,250543
-37,989869 -3,689964
0,693608 -35,637019
0,913069 -30,917637
6,022883 -36,962650
4,762365 -38,919149
-35,120078 -1,314431
-39,912141 -2,808045
-37,545426 -4,152954
-40,538891 -1,682080
-19,781663 -41,215741
-19,317227 -39,795240
3,174455 -35,448884
-39,089628 -2,434673
-22,389655 -39,498782
-1,920173 -33,438949
-37,663288 1,890019
-19,058521 -45,117153
-37,498279 -5,918331
-0,742920 -37,453866
0,322758 -39,063358
-20,124375 -45,088678
-24,395665 -42,926590
-17,823104 -39,893978
2,661103 -34,624534
1,840815 -30,297270
-39,744009 -2,393120
-38,450331 -4,389470
-36,984549 -5,703108
-37,293422 -7,114197
-37,665356 -3,225851
1,246243 -34,181479
-22,328702 -41,783661
0,904496 -30,618026
-37,585045 -2,587547
-37,160141 -0,859161
-42,086462 0,385085
-37,466865 -2,110940
-40,873046 -3,849563
-41,675764 -1,112739
-39,295739 -7,220579
2,490063 -31,095881
-17,896101 -40,098917
2,674791 -34,847320
-19,427773 -38,792010
0,433161 -34,228236
4,883121 -32,989908
-20,833096 -43,927745
-17,345232 -43,200747
-3,404759 -32,602928
-36,376447 -4,940372
-16,542627 -40,754704
-36,864465 2,071970
-35,303788 -1,901284
-37,766037 -2,429939
-18,688159 -38,398541
3,821153 -33,551766
-43,203806 -3,105021
1,447927 -33,279863
-0,892700 -34,595734
-19,211367 -40,244775
-1,253536 -32,232394
-16,803889 -44,007647
1,561636 -35,090436
-16,597513 -41,312136
-19,029896 -44,487952
2,019868 -34,948301
-21,632833 -43,425928
-3,594690 -36,170604
2,725111 -32,991538
-0,320324 -35,441493
0,410296 -33,234697
-20,342270 -44,847089
-36,977070 -2,672590
4,788471 -33,033582
2,457878 -33,355593
-1,092055 -34,951799
1,027502 -36,315722
-17,641069 -42,482418
1,147112 -31,819565
1,006132 -35,552808
-20,709387 -44,453356
-40,057460 -2,059807
0,295741 -36,395491
-42,371194 -6,577461
-35,389848 -0,665408
-22,808116 -38,314636
-36,010439 -2,236590
-37,216336 -1,238343
-20,821523 -40,463049
-0,455098 -31,972554
-19,823650 -44,574620
2,523444 -40,468115
5,849904 -35,794358
1,370649 -35,448214
-37,373782 -5,391522
0,137088 -35,983383
-42,195520 -4,879728
-35,610680 -7,039454
-38,260582 -4,152512
-17,312053 -39,090405
-20,984678 -39,954292
-36,722606 -5,155569
-0,080461 -36,323251
-33,427333 -5,106763
-39,708362 -6,123141
2,187413 -37,621212
-0,263825 -35,239957
1,203870 -37,462116
1,633814 -32,430213
-38,141745 -6,874838
1,872111 -36,200808
-17,352105 -44,215181
1,679044 -32,524796
2,936836 -32,760309
-38,317134 0,757262
-18,533873 -44,376826
3,927863 -35,113453
-0,555888 -34,179386
-36,519893 -3,468807
2,188165 -32,955772
3,832370 -33,559499
-14,834626 -42,434707
0,811602 -31,041071
-39,371447 -1,688336
-1,648505 -35,067008
-42,198060 -3,689985
-2,678274 -32,691263
0,208294 -37,958023
-1,573810 -36,240936
-21,560560 -41,426117
-35,010580 -6,969614
-19,287875 -43,146070
-22,915149 -39,609285
2,074407 -36,247598
1,086247 -33,237151
4,940427 -34,173686
3,140072 -38,158080
-23,599278 -45,643965
4,891706 -38,012855
0,358678 -35,500916
2,961601 -36,379049
-3,709949 -35,161391
-18,472242 -42,814092
-24,412931 -40,842085
-20,761002 -39,084383
-21,255027 -46,125283
-20,262457 -45,786616
-19,720053 -43,063478
-20,465174 -42,718315
-0,336424 -33,181292
-0,818464 -32,898028
-15,359578 -42,642571
-0,412860 -32,846609
-40,872886 -3,354658
-2,788767 -36,609050
-20,775519 -42,346558
-41,012398 -0,570644
5,028201 -31,901703
-20,369606 -41,896643
-34,908032 -2,328614
-37,153482 -3,750485
-19,645349 -43,758681
-3,068303 -29,351396
-0,698800 -32,801519
-39,867590 -5,695819
-21,229955 -46,521424
1,182849 -37,990722
-40,246371 2,399181
-42,509965 -6,205583
-38,438261 -6,041156
-14,984005 -39,627926
-0,512854 -37,281771
-21,520613 -39,317261
2,368240 -34,053724
-37,055224 -1,867415
-19,384429 -41,945932
1,337054 -31,891374
-15,052650 -40,425619
-0,424857 -33,094342
-36,528009 -4,018934
-20,360347 -46,434131
-39,216901 -1,882393
-19,380865 -42,140338
-35,327138 1,468325
-38,591868 0,400421
-35,663134 -3,994443
-20,843191 -41,194310
1,233066 -32,147022
-39,798569 -3,244819
-0,143437 -37,815719
-2,489946 -34,150682
5,231946 -36,033055
-38,688819 -3,951525
-21,158985 -38,528489
2,164397 -35,775503
-21,094978 -47,342053
-38,889209 2,298544
3,318318 -38,604807
-19,781182 -46,300937
-41,717302 -1,686842
-36,985227 -6,331056
-2,031680 -36,197630
-24,420136 -39,954028
5,299817 -31,414423
-1,259686 -36,150457
-0,079237 -33,657106
-37,885906 -2,398583
1,535578 -34,726799
2,741843 -35,329795
-2,225475 -40,240612
-17,228058 -42,164819
0,312355 -36,842466
-36,802913 -6,694521
-22,491582 -41,444092
-37,117809 -5,533034
-39,696773 -4,891503
-34,853839 -7,160999
-38,117841 -6,959620
0,882416 -34,083728
-40,504790 -7,618788
-20,196443 -44,128219
-35,223939 -4,158830
-22,117916 -42,338173
-3,025114 -34,608278
-39,939701 -6,365623
-38,615835 -4,681394
5,806682 -35,291636
1,057761 -33,380734
-39,289887 -1,475832
-40,675549 -2,035838
-21,363728 -40,553878
-35,619622 -6,573469
-37,249769 -2,568017
-39,326472 -6,090804
-16,157402 -39,184995
-37,057273 -4,418425
-34,928449 -1,999355
-1,865634 -36,918798
-22,847345 -39,893948
-21,894128 -44,030241
-37,483675 -4,427618
-35,050190 -0,339598
1,332067 -31,035693
-21,631238 -41,993323
-1,335038 -34,500018
1,931513 -35,659790
-38,539729 -4,280124
5,144602 -37,911160
-22,227419 -43,211999
2,210615 -39,128329
-0,053391 -33,455570
2,682058 -38,285606
-20,054301 -46,374576
-36,014895 0,666453
-41,042246 -4,206326
0,887524 -35,485844
-41,822221 -0,301385
-35,461810 -8,305987
-22,852839 -41,159761
3,976605 -32,253938
1,027223 -38,103044
-19,289362 -37,404965
-38,280176 -6,802289
-37,837778 -2,523654
6,436761 -34,146533
-37,727535 -3,676895
-20,727565 -38,246191
-35,110016 -4,541230
-1,366869 -37,740925
1,523511 -35,543584
4,091211 -34,082283
-20,870614 -44,225709
-40,785002 -3,600202
-15,164881 -45,538226
-1,325483 -40,034974
-22,694491 -39,565062
-22,402948 -45,313938
-23,233592 -40,803495
-16,828794 -41,667960
-1,503062 -38,502984
-17,705055 -39,501831
-19,822422 -42,498569
1,633115 -35,253837
-19,292327 -39,221840
0,524430 -39,008984
5,739210 -33,836333
-41,074708 -8,022223
-1,167163 -35,248217
-20,560383 -41,785916
-39,815997 -2,988783
-4,076845 -38,996593
-39,438971 -8,292638
-40,119398 1,183534
-0,101416 -32,849260
-34,022604 -3,848708
-0,003063 -32,589657
-36,920092 0,509279
-24,220292 -39,825828
-37,634766 -3,224649
-42,663497 -0,474226
-37,794113 -4,487415
-22,094708 -40,912559
-39,139105 -5,484875
-19,648496 -44,244587
4,770718 -37,872714
-40,049285 -3,352465
-20,258099 -40,597150
-19,265458 -43,120949
-23,608434 -40,431928
-1,039824 -34,086127
-36,405013 -3,158408
2,750717 -37,971294
-3,407939 -35,985898
2,578291 -36,344107
-38,783519 -2,852871
-15,012416 -43,007533
-21,960953 -40,961772
-17,892777 -43,807039
-36,954003 -4,110552
1,603198 -33,920910
3,892821 -33,809747
0,482505 -36,586239
-35,944051 -5,652682
0,777010 -36,354981
-19,737157 -45,271727
-41,976211 -1,866194
-42,628811 -1,311961
-1,742932 -35,891167
-20,121497 -44,724741
-18,904075 -43,614953
6,370455 -31,993721
-18,163724 -45,031166
0,307602 -34,556555
-21,971172 -39,625312
1,439481 -36,895654
0,201332 -35,981226
-19,102436 -47,006365
-22,692011 -45,335352
-1,170119 -33,712327
-40,187478 -3,756702
-20,266854 -38,995575
0,734599 -34,024259
-20,557106 -43,680175
-43,196053 1,224603
-39,888507 -5,679691
0,909724 -33,628683
-37,265094 0,607209
-36,519633 -1,334686
-0,509160 -36,218827
1,455528 -32,162910
-21,900322 -46,677905
0,882594 -32,904116
-36,589582 -0,574367
-1,841235 -35,750084
-42,033836 -2,780772
-39,622480 -7,582166
-35,568123 -3,734821
-18,906849 -41,992217
-34,820627 0,649664
-18,675580 -48,109753
-22,061201 -41,475804
-43,207986 -0,930295
-2,348701 -31,217803
-19,258095 -39,640984
-24,708918 -48,019031
-20,737669 -44,614335
-33,543244 -2,526596
0,643512 -32,112594
-34,161552 -4,536245
-2,915661 -32,448456
1,901184 -35,487353
2,927133 -33,178834
0,368609 -32,114943
-0,311610 -36,824936
1,760624 -33,398379
-19,074604 -45,434098
-35,813268 -3,098552
-17,118377 -40,298651
-18,169095 -41,412502
-21,815785 -42,093730
-2,276033 -38,869686
0,794660 -31,745051
-24,016986 -42,950523
-20,786094 -42,514040
-23,326233 -41,307663
-36,571559 -0,000285
-16,921688 -41,573924
-19,167175 -45,899688
2,423192 -35,170666
-18,681653 -47,016517
-19,759330 -43,250598
-38,896314 -0,118173
-36,121620 -1,737070
-35,642798 -3,172584
1,527098 -36,159530
-17,103954 -42,108538
2,166097 -38,032892
-35,418641 -7,749726
-19,029174 -43,525426
2,303482 -37,266293
-38,413724 -2,016170
-19,734969 -45,588065
-23,380466 -42,895032
-17,459833 -46,400399
-3,160969 -33,134874
-38,260609 -0,402867
-23,774418 -46,319078
-41,597961 -4,805822
-3,186179 -29,704626
-3,012439 -30,830797
6,557309 -33,678493
4,353581 -38,323917
-3,820637 -35,067489
-34,564108 -3,577432
-3,196369 -39,405745
0,856354 -35,484678
2,692856 -33,173696
-20,656577 -42,938063
-23,494896 -44,195100
-15,919096 -42,073242
-23,812281 -42,420431
2,621145 -32,493974
1,051330 -35,176969
-34,287822 -5,419235
-18,954260 -43,258070
-19,649490 -44,159432
-1,151985 -34,563885
-40,914910 -3,863123
-36,758382 -1,381301
-19,051205 -39,975410
1,863007 -32,154766
-16,747440 -43,938078
1,358965 -38,396520
-18,618295 -39,080156
1,270540 -30,144127
-41,544635 -1,044452
-34,558669 -5,766098
2,860891 -33,577091
-39,878850 0,196575
-38,713996 -3,437855
-17,909917 -43,646333
2,109442 -37,890560
-22,962361 -46,039918
-22,760176 -41,142785
-16,831603 -38,920589
-40,459165 -1,660656
4,531301 -30,999226
-18,110052 -41,966783
-36,746382 -8,398052
3,575927 -35,487651
-22,291916 -46,242639
1,103133 -38,574982
-15,725328 -39,024956
3,865913 -30,423220
-1,502234 -36,512299
-0,736498 -35,207574
-35,694999 -2,125102
-40,005981 -5,300086
-2,615771 -36,093399
-16,176721 -43,149790
1,044606 -36,259936
-1,594872 -33,592408
-38,908558 -8,602236
2,480274 -31,516789
-38,955091 1,314248
-24,654701 -47,259224
-34,391143 -0,272361
0,978646 -32,457044
-38,474373 0,314219
4,339299 -31,784983
-35,869692 -4,237258
-24,645282 -43,619070
-40,145023 -4,498774
-39,713150 -1,572105
-38,433232 -3,274042
-38,267322 -2,637782
-19,715301 -41,844999
-19,886656 -40,096880
4,705595 -33,718484
-3,750105 -35,801043
1,028915 -31,762840
-41,609708 -1,405459
-22,180022 -42,772290
-18,898931 -41,803430
-38,711492 -7,331584
1,907526 -33,215804
-39,254220 -4,395890
-20,047147 -46,753888
-38,220670 -5,337778
-36,617722 -4,101384
-20,207674 -41,898514
1,449738 -34,590950
-36,633741 -5,520179
-40,810246 0,163782
-19,848802 -38,799042
-19,531505 -43,412498
-17,268504 -44,808056
-22,607704 -45,114953
-41,936827 -0,058680
-20,020133 -45,015588
-20,316004 -38,186086
-40,318654 -0,812062
3,270311 -34,807896
-17,889068 -40,413412
3,847865 -34,288245
-19,596527 -45,259118
-41,954915 -4,072147
-35,723493 0,234730
-0,595475 -32,923662
-0,503401 -35,150891
1,056216 -34,377432
-34,930941 -2,058026
-17,459903 -40,016911
-25,124845 -46,119410
-19,320969 -42,671015
-38,064638 -3,757360
-1,630260 -36,646458
-40,721561 -3,975857
-37,010968 1,145647
1,743109 -35,657381
-37,322063 -4,787599
5,061443 -33,403545
1,855399 -35,506450
5,333775 -34,626797
-39,188020 -5,577320
1,301387 -37,522957
-0,450668 -34,121232
-15,775997 -45,194023
-3,485162 -35,880550
-39,219644 -2,945483
5,287515 -39,648088
-42,974605 -5,494645
-20,564917 -37,283584
-36,150431 -4,690131
-36,231276 -5,781002
-15,457345 -40,691384
-40,137482 -2,338659
0,236473 -35,343107
-38,290614 -6,072966
-19,336566 -41,813436
-23,728743 -41,018769
-23,649183 -40,854887
-19,520750 -42,969297
-3,167216 -33,414678
0,893284 -34,625576
-18,979068 -41,356331
-40,063328 0,977578
3,620780 -39,598305
-21,185717 -44,929273
-35,767378 -2,890518
-24,907573 -38,479308
-23,789074 -46,481997
0,647691 -35,655366
-0,634665 -33,953018
-19,290877 -40,709538
-22,789641 -42,903413
-20,417034 -40,880875
-32,715042 -6,406406
2,631459 -29,972818
4,102933 -39,135150
2,677971 -37,789351
-17,304277 -44,920281
-1,086721 -35,077900
-17,473203 -43,260264
-20,914406 -43,653933
1,883480 -34,979695
5,559062 -34,275455
-1,766410 -29,745636
-23,943769 -42,167700
1,609224 -39,197037
-35,598123 -2,850460
-43,055404 0,562203
-20,564842 -41,258003
-3,239933 -32,197043
-34,666849 -5,457671
-18,720954 -38,450260
-39,755864 -5,023679
5,210912 -34,096629
-33,811440 -5,624285
-35,603647 -4,877710
-23,327942 -46,851802
-40,079988 -5,181439
2,312354 -32,025563
-20,163368 -42,302392
-23,208809 -43,505164
-2,162877 -38,540111
-15,941584 -42,474305
-20,813095 -43,670993
-23,251970 -39,916723
-20,073480 -40,795125
-2,012892 -32,273328
-38,754407 -2,281305
0,902474 -33,697481
-2,975409 -34,521131
-21,259016 -40,861472
-35,196607 -7,999210
-0,728595 -33,854657
-36,358695 -6,418645
-3,103400 -33,926602
1,580688 -36,282563
-36,621639 -1,663747
-22,249136 -44,035896
-2,324243 -35,712349
-22,665605 -38,062644
-0,728464 -37,852519
-38,706354 -2,824152
-1,235633 -36,974638
-36,597067 -2,061235
1,171765 -38,440085
1,142536 -39,744725
-35,676040 -6,539265
-37,497946 -3,411130
-21,071111 -41,762340
3,114193 -34,607161
-21,927351 -42,917337
-41,586575 -2,274467
-38,427212 -3,496767
-39,557369 -4,111442
-0,692965 -34,865531
-38,943889 -4,199138
-20,138373 -38,886246
-39,558686 -7,706840
-21,586411 -48,008966
-35,615014 -3,545545
-16,466401 -42,707032
-39,475558 -3,532348
1,825434 -35,055610
-42,655147 -8,009874
-22,668233 -43,236215
3,619319 -36,230165
-23,268822 -40,863552
-37,355014 -4,809808
-20,908667 -44,474958
-37,527963 -1,501919
-38,394543 -2,153237
0,598438 -32,953597
-0,573840 -34,972853
3,984022 -36,999152
-36,970570 -7,481901
-18,404275 -37,325481
-39,572131 -1,111506
-18,795959 -45,063118
-21,530439 -41,910712
3,570770 -31,580056
-36,667297 -5,906967
-1,925149 -34,134680
2,711044 -30,963873
-16,353036 -43,646891
2,760123 -34,671308
1,970532 -35,905196
-21,506085 -42,965604
-19,884072 -41,242354
5,077553 -30,999057
-19,851880 -40,805568
-17,028770 -44,951445
-3,007579 -30,867922
-16,111441 -47,761856
-1,156938 -35,598256
3,485848 -36,685044
-19,179236 -40,426327
-1,413047 -35,037132
-16,740033 -38,044904
-19,869425 -41,177352
-3,297579 -35,341871
-38,742709 -0,424428
-37,503993 -6,901849
-18,315127 -41,138777
-1,748967 -33,604505
1,331645 -35,996989
-0,609463 -32,400864
-20,900114 -39,222197
-18,056950 -44,808839
-18,284905 -45,620967
-39,827720 -2,459890
-18,897598 -43,366775
-37,100746 -2,243162
-17,378015 -45,582360
-21,727939 -44,929904
-20,076877 -39,740237
-41,405744 -6,741853
-23,740786 -43,469670
-16,913063 -45,579439
-38,705682 -4,628180
1,068342 -33,702335
-19,846963 -40,818669
-0,172664 -31,586266
-38,847304 0,968820
-0,740637 -31,660873
-38,033704 -2,274144
-35,774059 -1,872349
3,761335 -34,476686
-38,644907 -0,314763
0,725469 -33,998709
-15,816132 -47,420913
-3,021226 -33,698692
-2,348915 -34,122284
1,525798 -32,777326
-16,797210 -40,665373
-1,722245 -36,382578
-39,503565 -1,099590
-39,808423 -3,527781
-41,880582 -7,641320
-19,381259 -38,688280
1,635268 -33,029775
-22,204327 -41,738338
-17,559815 -44,299915
-36,632872 -2,147588
-1,275786 -31,119106
1,377757 -33,706516
-40,419455 -4,945162
-16,862178 -41,830467
5,022046 -30,251228
-21,177164 -42,775784
-25,300533 -40,143366
-19,546112 -39,008722
-35,482457 -3,370300
-18,099745 -43,500764
-18,786741 -42,953673
-19,937202 -43,220292
-35,634517 -6,499815
-34,576918 -3,516326
-18,991286 -43,040882
-22,367328 -43,738217
-17,360426 -42,850740
-0,459185 -38,683784
-0,929167 -34,120780
-20,342690 -40,931645
-41,567439 -4,711921
-35,932645 -2,149764
-19,557913 -38,746868
-16,859132 -42,536531
-21,237806 -45,608317
3,178088 -30,408440
-18,886231 -42,462757
-2,937043 -34,254228
0,394976 -37,211325
-18,742980 -47,058660
-41,376976 -3,361273
6,021166 -34,509256
-22,739342 -43,228045
-18,146699 -39,816562
-37,797851 -3,140524
3,042769 -36,359022
-36,734118 -6,580135
2,374789 -37,355360
-40,318481 -2,568410
-18,010926 -45,422486
-41,358321 -3,112830
-22,310212 -40,912233
-20,270278 -43,795102
-38,554604 -0,480863
1,233668 -33,688020
-17,690825 -44,876598
-16,573972 -43,939119
-38,546674 -7,831545
-16,780329 -47,223862
-39,238096 -8,672822
-41,330583 -4,981713
-42,500066 -8,841939
-35,126545 -4,796747
-2,197434 -39,973381
-22,675878 -37,776953
-2,047605 -32,509915
-0,469767 -38,475430
-41,945871 -4,779807
-1,411002 -38,311855
-1,226648 -36,898373
-36,394297 -4,058374
4,639107 -34,398053
0,036912 -39,003925
-39,306502 -7,809581
-39,249232 1,452373
-40,130998 -1,458394
-37,026984 -0,586101
-19,517490 -39,839069
-1,551630 -35,545190
1,934255 -37,422482
-18,030780 -45,432657
-17,845764 -48,014517
-39,857096 -2,620023
-38,468333 -4,156547
-18,321271 -43,139188
3,036812 -31,265008
-2,212702 -37,954023
-40,547418 -6,095100
-37,017585 -4,097188
-23,151132 -43,639814
4,053748 -32,818747
-40,883151 -3,872872
2,102409 -38,269896
-36,605015 -0,961775
-36,038479 0,384414
5,863570 -32,833358
-41,095100 -6,231756
3,848888 -33,175170
-42,443532 -5,760517
-21,504929 -43,207367
-19,464296 -43,552623
-19,783510 -39,794648
-39,079116 -3,168579
-22,246348 -41,916943
2,189527 -34,837201
4,760337 -36,353482
-17,054424 -40,494845
1,802357 -36,242119
-38,364936 -5,465688
-19,536860 -43,378500
-2,793652 -34,501714
-39,288174 -1,651694
-20,346208 -38,446677
-38,524112 -0,888123
-37,430726 -2,065634
2,073218 -36,473199
-20,459371 -45,011904
-2,945969 -31,479825
-21,970076 -47,523101
-38,717996 -4,179412
-17,732419 -43,687101
-42,445809 -1,525080
-37,815846 -4,908252
-32,816465 -0,523748
-37,027402 -1,670954
-20,245443 -42,985407
-23,931897 -42,867409
-2,809322 -35,391805
-35,626362 -4,574676
-0,525670 -32,772356
3,652533 -35,324256
-18,570336 -45,835991
-16,103253 -46,305359
0,714870 -36,347677
5,180517 -34,873803
-0,359691 -38,022739
2,802981 -35,406157
-39,502839 -5,339376
-17,835419 -42,943765
-24,825651 -37,197419
1,063349 -34,080458
-19,951417 -42,771291
-18,541242 -37,771751
-17,358534 -40,948558
-23,268227 -38,578461
1,666620 -33,986787
1,526388 -38,905649
-39,660261 0,726520
0,306302 -32,908002
-39,859834 -3,234987
1,006263 -31,593074
-17,395757 -42,473234
-14,692668 -41,126061
0,861690 -35,456965
-0,192416 -38,062103
1,934101 -35,923737
-18,848570 -41,598642
-33,198333 -5,883926
1,577192 -33,531807
-41,070255 -3,526666
-1,323510 -34,418899
-37,826229 -2,217564
3,288309 -37,904612
2,407067 -35,059891
-15,003926 -39,143920
-22,591927 -46,396358
-0,167078 -36,690959
-0,041590 -37,458208
-1,278429 -32,205921
-36,427076 -1,568249
-21,820115 -44,646397
-18,043391 -41,797641
-34,043718 -0,771241
-34,696833 -3,403918
3,516914 -30,282879
-35,190912 0,808418
-17,422874 -42,156839
3,179701 -36,340106
0,221554 -32,808952
-36,612587 -0,479528
1,185603 -31,659330
-18,825098 -43,827990
-37,121561 -4,900193
-37,482264 1,671079
-37,386318 -5,836122
-15,818385 -43,524321
-37,679543 -5,334132
-33,753321 -6,116300
-18,656305 -42,972432
-21,700111 -45,039478
-18,188401 -39,852407
-42,303479 -4,638137
-39,768012 -4,803383
-33,879436 -6,506962
-39,875476 -4,051885
-19,864057 -47,638261
-18,438536 -42,567993
-40,716606 -3,904329
-0,722221 -36,955346
-34,342306 0,060127
-36,189301 -2,310142
-14,971865 -43,553653
-38,674947 -5,160986
-38,276021 -0,725829
-18,341500 -40,988829
-21,835827 -42,295727
-18,325134 -43,185790
2,649156 -33,270137
0,168722 -33,039448
-15,728026 -40,819660
-15,105724 -46,091504
-40,325857 -3,410568
-42,410430 -2,994941
-14,575942 -41,079590
0,921844 -33,454176
3,897137 -39,686810
1,538651 -36,105591
0,171984 -36,412577
0,585052 -32,217390
3,392089 -38,800898
-4,619425 -31,237674
0,312310 -36,334494
-23,312516 -47,378107
1,470281 -32,387865
-19,086397 -41,642859
-41,011184 -2,378959
-21,749634 -44,601926
-21,480563 -44,411803
2,200536 -32,076877
-43,122568 -3,642304
-2,186430 -40,330198
-40,135708 -1,874885
-23,151329 -45,580871
-16,925532 -44,502882
-39,770498 -1,814779
-2,233280 -38,059983
2,963757 -34,872176
-0,220639 -34,767589
2,106066 -32,335683
-19,384493 -40,833428
4,301633 -31,746506
3,827681 -36,150837
2,639567 -34,492501
-21,603116 -44,849160
1,355765 -35,547127
-38,575128 -4,772699
-19,718251 -40,696957
-4,110849 -30,536812
-16,410149 -40,260522
-1,954896 -31,386485
-39,334803 -2,552428
-21,266355 -43,675788
-37,253534 1,885622
2,732787 -29,972053
-0,593583 -39,367476
3,295700 -35,925194
-2,385343 -35,716580
-42,769693 -3,893989
-20,583424 -41,962671
3,730946 -35,852090
-38,181914 -3,021554
-38,475449 -6,977652
-24,101093 -41,212472
-19,988040 -39,992670
1,739406 -36,603040
-38,979006 -2,764546
-34,973452 0,474159
-40,008164 -2,590127
4,024875 -40,119718
0,417852 -37,948303
-42,314997 1,698520
-1,248425 -33,935821
-17,916345 -46,086949
-42,505973 0,784219
-19,635802 -41,866753
-22,214804 -41,091847
-39,813231 -3,152409
3,730519 -38,299565
-23,278706 -39,328709
-39,841106 -7,705094
-39,470447 -0,490583
-0,276021 -34,202727
-20,076526 -41,840487
-36,443303 -0,900277
-21,263064 -40,497194
-36,137372 -2,903937
-23,341757 -41,063114
-34,781017 -2,708540
-37,901129 1,434269
-3,127775 -29,267157
0,966050 -31,209926
-36,177339 0,088249
-32,680157 -1,017346
-17,865492 -42,785266
-41,121961 -3,676742
3,748456 -33,812190
-0,317836 -33,357471
5,850090 -30,136500
-24,936508 -43,053807
-2,674838 -30,481118
-22,161638 -47,416392
0,017655 -32,572695
-38,295576 -3,093862
-21,586725 -42,610735
-33,480509 -3,916028
-18,287488 -39,390397
-17,031362 -41,092222
-37,840078 -3,287208
-41,315555 -5,554220
3,348352 -33,066025
-22,296331 -38,229709
0,110294 -35,104261
-21,542508 -40,478373
-14,337139 -43,889873
-23,397301 -44,987572
-16,710898 -44,614902
1,013040 -37,830651
-21,057186 -42,357982
0,855329 -35,644757
-42,268596 -4,680335
-35,089720 -4,990762
-0,572957 -36,922492
-18,883263 -43,591292
5,058872 -35,729002
-3,544751 -32,178688
-20,576920 -47,958582
-1,892048 -30,304714
-19,102155 -42,917911
-19,481840 -42,306256
-38,471525 -6,024862
-20,936019 -43,352840
3,363758 -34,385795
-18,346695 -40,568974
-41,043909 -2,852855
-34,949526 -5,812951
1,291109 -32,411018
-35,692193 -3,633729
-19,480268 -41,497392
-37,692839 -0,806895
-2,795937 -31,197062
-22,380893 -41,733684
-18,310831 -41,911267
0,055846 -39,230026
-22,693792 -38,819354
-4,065898 -37,260840
-24,818145 -39,164851
-21,096592 -44,081216
-22,787653 -46,445372
-1,131329 -32,874755
5,913622 -35,536578
-38,954185 -6,371110
1,715993 -35,864352
-1,829672 -39,522181
5,502155 -36,350191
-0,696024 -37,233593
2,306939 -33,993072
-17,392181 -40,477944
-35,394417 -4,995019
4,134699 -39,660784
1,556979 -31,575581
-0,284601 -32,347310
2,114260 -33,013148
-18,682058 -42,674908
-21,227593 -42,593132
-17,091260 -45,316300
-4,080001 -34,008052
-38,482477 -3,489826
-37,870087 -4,084856
-37,140209 -1,838818
-21,788299 -40,511444
-40,697301 -7,960116
-37,556212 -4,427435
1,873621 -36,077789
-22,918482 -41,667125
-38,681170 -0,932579
-40,757400 -3,499634
-36,354447 -4,640780
-18,775021 -46,003369
-21,930969 -44,520408
-1,169288 -34,605990
-20,640360 -42,191614
-19,957421 -41,600907
-20,991624 -40,950520
-19,702795 -38,907313
-14,445194 -40,226967
3,693243 -35,076264
-35,191385 -6,604055
-36,583980 0,177140
0,462027 -34,828451
-2,719127 -34,278589
2,717701 -32,666361
-35,746219 -4,377241
0,578964 -35,039813
-20,943765 -41,262912
-21,181521 -42,635640
-1,852427 -33,235611
-18,948644 -43,656594
-33,096460 -3,363164
-38,556889 -4,371262
1,223139 -36,366803
-37,489189 -4,224501
-35,986868 -4,284546
-39,922298 -6,260468
-38,153897 -2,061207
3,382768 -36,281923
-21,390161 -44,983514
-15,275316 -44,350137
-17,896747 -41,146760
-37,696306 -2,816071
6,142491 -34,495337
-15,184316 -45,403648
-21,861533 -42,833379
-38,785421 -0,741010
-38,192665 -5,969949
-19,100397 -40,317815
2,050885 -31,749579
-36,598497 0,750487
-37,457872 -4,553785
-1,997374 -36,301108
-18,195358 -45,274584
2,067608 -37,584185
-0,947462 -39,582715
-2,850168 -38,626259
-21,917507 -46,815065
-18,171692 -43,701318
-40,337065 1,018508
-40,155227 -5,500638
-4,298549 -32,286144
2,188712 -36,320134
-22,035935 -47,413577
-21,456964 -43,316588
-40,667344 -5,416634
-36,745246 -0,577943
0,788910 -33,712296
-37,686645 -3,391688
-17,789713 -44,605869
-42,268537 -0,474659
-37,061072 -0,728168
3,257688 -34,405077
-24,377971 -43,860729
-21,953357 -43,717352
-23,013498 -38,229334
-35,141902 -1,487077
-1,950898 -36,883125
-42,620375 -4,889487
-20,860445 -42,817834
4,959511 -39,409838
-25,186035 -45,540348
-35,792933 -2,686949
3,856051 -37,368980
-17,583138 -40,741769
-37,903670 -6,698555
-0,607342 -33,669521
-36,375375 -1,926207
-24,121791 -45,447974
1,818092 -34,685257
4,465643 -37,398559
-14,750029 -41,969935
-34,849719 -1,301093
2,324850 -35,367632
-35,878886 0,888326
-0,622622 -34,124206
-36,298055 -3,468608
-25,155602 -42,773075
-17,990070 -39,518475
-1,676767 -33,390139
-23,868791 -40,569099
0,711567 -36,696860
0,221997 -36,071501
-22,725250 -44,105122
-35,886883 -2,722001
-40,364499 -2,544460
0,385233 -36,389772
-33,025457 -2,117903
-15,358904 -44,864289
-23,271850 -43,259200
-35,561242 -4,332551
-38,644789 -4,226533
-23,293576 -43,179876
-20,507394 -40,710458
-40,286998 -1,449548
-15,263197 -40,980708
-38,189475 -4,214601
-33,951235 -4,235884
-41,192941 -0,474449
-22,195512 -42,784285
4,346743 -36,261525
-43,305107 -7,235279
-19,620572 -42,931974
-16,839217 -39,042873
-21,922282 -47,967466
1,244087 -34,054415
4,964240 -38,934597
-40,212584 -0,410461
3,511751 -38,031390
2,276221 -29,421872
-40,161336 -6,585752
-19,413076 -40,938847
-21,853672 -43,440196
-18,905519 -42,645460
-35,318899 -5,398535
-19,663410 -43,193097
-20,786622 -41,724892
-41,656362 -1,512159
-40,023373 -5,079850
-41,840052 -2,531202
-16,981787 -46,537568
-16,129779 -43,708914
-21,039404 -38,580456
-42,067037 -6,471101
-18,874160 -40,301789
-39,303535 -6,676269
-15,497276 -46,619666
1,795005 -33,723466
-38,124152 -3,867150
-17,671977 -46,878793
-21,600248 -44,756460
-15,567833 -42,798719
1,010859 -35,933449
-18,106135 -37,778002
-0,913661 -31,133827
-37,327401 -4,816187
6,279936 -30,957644
-37,969387 -5,210840
-35,469254 -1,568638
-23,770746 -38,738153
-39,489264 -2,212361
2,361119 -38,098985
6,660951 -32,298207
-38,607669 -1,035735
-17,645313 -40,349602
-22,404731 -45,601425
-0,161201 -34,342689
4,275825 -39,250265
2,310659 -37,919688
0,350419 -37,717287
0,786597 -39,624312
-15,584815 -41,335644
-1,897798 -30,122979
-17,330134 -45,894392
5,342038 -31,752930
-37,863925 -6,721772
-18,841667 -39,630563
-20,514968 -46,547640
-1,675906 -35,346094
-17,277620 -39,463808
-16,731388 -45,592840
0,155072 -31,597719
-39,555658 -4,941038
-19,638456 -41,460067
-39,940244 -6,616167
-38,344122 -4,749306
-21,750229 -42,598291
-37,510217 -2,301007
-18,329024 -42,739545
-18,004069 -38,856944
-0,543723 -30,906763
6,572855 -36,070569
-19,242708 -44,138042
-35,280363 -3,743468
-15,361082 -43,106632
-0,175032 -34,283339
-36,774912 -3,640307
-42,161987 -0,912996
-23,973033 -41,327463
-18,986572 -43,065425
3,603578 -39,674650
-38,050227 -4,523160
-34,574308 -3,212516
-19,807761 -41,657718
-15,624908 -43,186012
-23,431453 -40,649137
-20,551623 -43,370662
0,438194 -31,197009
-35,708207 -1,245732
-2,731920 -34,941927
-19,414035 -40,348039
-1,501189 -32,265776
-42,450085 -3,096797
1,777709 -34,379438
-33,616700 -2,615675
-18,559087 -42,573762
-19,474074 -41,937165
-37,111571 -6,693011
-20,983400 -42,100265
-39,681971 -4,500640
1,869349 -35,925596
-17,179625 -40,312679
-36,225613 -0,394192
4,009204 -34,184942
-37,745449 -3,008645
-37,917262 -6,071188
1,565235 -35,638075
-22,081622 -44,964342
-33,148904 -2,857168
0,406798 -34,006908
0,217359 -36,623421
-3,089150 -31,027463
-40,584682 -0,758679
-3,212135 -37,672790
1,547597 -35,883413
-1,877165 -37,450447
-17,481450 -38,373745
-40,218980 -3,644125
-36,173220 -1,039258
-38,235657 -4,511166
-39,960698 -4,835142
4,846123 -36,465591
-32,611746 -5,589861
-18,257557 -44,931031
-36,561176 -1,902586
0,240969 -36,818115
-38,807520 -7,762775
-41,025134 -0,990705
-39,401244 -6,098706
-39,773597 -1,974499
1,080753 -34,291017
-40,292377 -0,442918
3,521200 -30,326406
-0,734016 -30,503120
2,491245 -40,878181
0,416248 -34,646665
-34,513775 0,974690
-20,909699 -42,836528
-1,222614 -37,400223
-20,971243 -45,044371
-15,054177 -42,051286
-3,482301 -32,870650
-35,852075 -4,034675
-38,372247 -2,719578
-2,442577 -36,802160
-19,545997 -43,045135
2,233416 -32,152797
-19,929704 -44,643964
-41,679755 -5,868343
3,114651 -35,313065
-3,967098 -35,121376
-15,893384 -38,171662
1,302109 -36,656246
2,932576 -34,412752
-2,418612 -38,075123
-34,999737 -0,467594
4,757461 -32,730878
-36,779451 -5,051658
1,522022 -35,132326
-34,219249 -1,582455
1,547154 -35,046143
-40,996344 -2,478197
2,407822 -36,098020
-16,678157 -41,235085
1,899616 -31,500681
-36,950803 -3,046154
-37,179402 -2,692536
-20,620428 -46,042732
-41,969072 0,304551
-22,822142 -44,760234
2,670781 -29,992013
-19,549708 -46,046383
-1,517021 -35,984713
1,656114 -32,822847
-18,557920 -43,051544
-17,104053 -44,552453
1,721950 -33,785834
0,207615 -37,985440
-24,899657 -43,787484
-19,744232 -43,807410
1,421391 -39,439222
-1,337168 -33,215197
-37,988027 -5,198105
-20,955930 -47,190078
3,644504 -29,935791
3,245819 -32,199132
3,878998 -33,958848
0,440999 -32,653894
3,766218 -32,509211
-21,215664 -41,503622
-39,267661 -4,804140
-2,432501 -33,021638
-18,886569 -43,204334
4,626972 -36,101738
-35,782996 -0,156912
-22,674756 -45,143636
-2,210845 -35,651411
3,403235 -35,123737
-34,174348 -0,784193
-37,728751 -3,232252
-42,457683 -3,102200
-37,379011 -8,666198
-40,187093 -8,192124
-19,340039 -44,762601
-2,279882 -37,100861
-21,931315 -40,195224
-39,934286 0,447013
1,429684 -40,191881
-37,937324 -3,138234
-40,568980 -2,849266
-38,105083 -3,461558
-18,402326 -44,882526
0,404504 -34,896885
-24,257697 -43,500891
1,142037 -34,375207
-25,577073 -39,610669
-17,782674 -40,066411
-19,722885 -44,088819
5,899935 -33,257157
-42,319852 -4,343502
-41,741384 -6,777103
-40,483696 -4,407293
-19,949923 -38,608238
-33,884954 -4,648813
6,768581 -39,483451
-20,600163 -43,350102
-41,111933 -0,149153
2,345140 -33,250527
-0,346156 -38,214569
2,872292 -38,116237
-17,551955 -43,037547
-39,574533 -5,053310
-37,199656 -3,052496
0,834378 -37,101131
-18,802821 -37,975607
3,507139 -37,684154
-21,847409 -45,726352
-36,975956 -3,445852
2,710792 -32,630129
-19,460234 -38,260641
4,946969 -36,135261
-42,615732 1,859183
-18,153911 -43,345830
3,881472 -34,193989
-15,949230 -44,834873
-24,060491 -45,922446
-14,280080 -43,494750
3,436478 -33,545013
1,800045 -33,064098
-38,651596 -5,102747
-19,338040 -39,944819
-0,717701 -33,200527
4,991832 -35,118721
2,829269 -33,692041
-0,103273 -32,610061
0,458333 -33,729612
-38,245347 -6,362909
-15,653934 -46,816097
2,864126 -35,787840
-22,095619 -45,584726
-17,853484 -45,809628
1,603899 -38,472741
-23,688403 -47,063766
-40,430069 -3,591238
-0,412447 -34,584146
-0,027336 -33,211905
-2,536999 -37,628776
5,540949 -32,311907
-37,633916 -0,654331
-37,010699 -0,888162
-36,562152 -6,259331
2,527660 -34,582845
-43,744702 -4,032003
1,592805 -38,265747
-37,807112 -3,437526
-22,566848 -43,422945
3,744967 -32,627005
-35,992622 -3,178090
-38,853843 -2,654941
-38,947616 -1,461081
-34,721436 0,747660
2,476684 -34,881643
2,128974 -30,955504
-18,958123 -45,106329
3,536672 -38,435828
-35,473323 0,556107
4,090310 -34,704188
-22,824103 -41,445701
-0,912605 -37,197554
-18,317726 -43,955249
-21,602067 -44,690121
-23,005654 -41,582776
0,509720 -34,732186
-33,654287 -3,090934
-19,662633 -42,899239
-38,846987 1,953981
-19,926146 -45,712674
1,139842 -33,604887
-36,283331 -8,424737
3,298488 -38,341330
-22,945051 -43,460616
-20,045706 -43,206770
-35,283439 -2,240376
0,926897 -31,584053
-17,484613 -44,573932
-18,450551 -39,957565
-40,542901 -0,286999
-0,956693 -38,528978
-36,440423 -3,811828
-3,420800 -30,564515
-0,147657 -38,752076
-39,737938 -6,995200
-24,627775 -41,027721
-19,958055 -43,411249
-43,678878 -4,677064
-2,648220 -30,188073
3,138002 -37,502985
-2,345390 -35,543601
-0,197855 -37,492677
2,343145 -39,933812
-1,865856 -35,688453
-16,013101 -44,894220
2,845720 -38,137614
-1,912376 -35,736711
-38,648238 -4,436483
1,914933 -35,398888
-42,818238 -5,543273
-39,296203 -4,765395
-19,284188 -40,283007
-36,468310 -6,222421
0,435937 -33,665242
-18,139208 -39,206740
-21,674214 -43,887474
-38,039805 1,097578
-39,270151 -6,743175
0,238902 -33,610724
-22,071022 -44,092070
-36,301230 -3,844972
-0,395541 -32,099867
-21,324448 -43,035827
-0,249218 -34,718932
-37,601972 0,294321
2,870775 -38,105053
1,311813 -33,747791
-19,387878 -43,734584
-17,085500 -41,330274
1,579108 -34,500677
-35,301099 -4,823319
3,299042 -33,347149
-23,816217 -43,728258
-17,982397 -41,675692
-2,753781 -37,382775
-14,500757 -41,243157
-0,931325 -34,090555
-1,264327 -34,751614
-20,853295 -39,617631
-35,974613 -7,443882
-0,982397 -34,948198
4,571669 -35,709938
-21,371626 -40,419345
-35,896637 -3,601277
-21,139363 -39,328668
-38,927748 0,236789
2,647481 -31,910840
2,052954 -33,622596
-2,555664 -29,861386
-1,815484 -31,341113
-1,200375 -32,890407
-40,437838 -2,321796
-18,184102 -43,705153
2,965228 -37,794631
-33,609362 -7,375505
-35,902988 -5,165651
-16,299597 -46,495089
-37,446814 -2,946409
-18,791881 -44,519387
-1,252013 -40,229426
0,032049 -40,663918
-41,597910 -8,481407
-23,344559 -38,664758
-38,507236 -1,134127
-35,302883 -6,882953
-19,629325 -43,271025
-39,657750 1,536946
-1,587450 -33,240664
-17,701418 -44,127954
-35,618550 -3,035708
0,305081 -35,862360
0,842890 -30,437417
-24,796488 -41,997823
-33,934565 -0,590949
-37,880211 -7,496878
-36,573149 -4,403698
1,254962 -32,339967
-3,805548 -35,763706
-20,546497 -39,859464
-36,486647 -3,063941
-35,508050 -7,297962
-3,136375 -33,994154
-2,147250 -33,704272
-0,660195 -36,891180
-15,285267 -37,798412
-39,737799 -2,578988
-36,940787 -1,726374
-0,003581 -37,401900
-32,847694 -2,273363
4,863098 -30,412936
1,252293 -34,260540
-19,224720 -39,210351
-20,719143 -43,705953
-37,315519 0,969991
-23,764744 -37,909727
3,986136 -33,994708
1,267346 -35,446496
-1,599924 -31,825225
-36,700559 -7,397612
-0,791331 -32,712478
0,236278 -31,298444
0,834194 -35,182399
-42,765980 -6,135556
-36,795990 -0,244834
-18,490531 -43,036112
-19,505177 -44,259327
-1,772053 -36,389212
-18,180649 -41,705676
1,462505 -36,477419
1,139636 -34,281465
-21,165442 -41,793059
-34,086413 0,197910
-20,079315 -44,609382
5,706404 -31,829159
3,588843 -35,700664
-40,358944 -1,733431
-21,005597 -42,762820
-39,673388 -5,182811
-2,719592 -38,830521
2,960186 -33,957522
-16,629897 -43,385359
-38,310379 -4,904081
-41,467471 -3,058626
-39,845916 1,479764
-16,714190 -44,903376
-39,224499 -8,723179
-40,494875 -3,780212
-40,240128 -3,980660
-40,697961 -3,737298
-18,349102 -40,170408
3,587549 -37,187512
2,811346 -38,388525
-18,190813 -42,954677
-17,335525 -44,163197
2,518795 -31,758623
-20,302969 -43,671474
-38,014135 -2,736228
-39,739802 -3,292062
-33,955446 -1,093738
-22,467076 -41,006135
2,929342 -32,946661
-17,376707 -37,564682
-2,007815 -31,518444
-39,914308 -0,346103
-43,328781 -5,792740
-22,914089 -41,766096
-36,681085 -3,745810
-36,532106 -2,706829
-34,503505 1,313097
-22,245783 -40,752809
-21,944247 -41,709297
4,678035 -37,745798
2,182580 -31,684410
-33,989829 -5,997620
1,486405 -31,181689
-39,603616 -0,102020
-0,803749 -36,821176
-18,958714 -41,856117
-38,954935 -2,181736
-33,729496 -3,673046
-38,157290 -5,023241
-37,007049 -7,132930
-36,981378 -5,122356
0,283522 -38,538162
-3,511728 -30,943933
1,808238 -36,054237
-18,561241 -43,653181
-20,641659 -44,331915
5,735335 -36,161654
1,645766 -39,663241
1,381598 -31,937861
-23,789065 -42,342694
-39,281526 -1,256334
1,210154 -35,131250
-19,642841 -42,789576
-40,653016 -4,225672
-17,918594 -42,404067
-39,273609 -2,445308
-36,769942 -7,226049
-22,468489 -46,233595
-35,231429 -1,227520
-38,111722 -2,610533
0,079971 -33,400386
-39,112749 -3,558030
-18,230474 -40,890098
5,913581 -33,140699
-18,562973 -42,397429
-22,340705 -41,838211
-39,757575 -0,263347
4,412412 -34,235853
-15,453689 -47,143953
-37,004312 -6,452622
-41,160957 -3,361272
-38,000968 -4,563285
-32,624684 -6,970561
5,564913 -29,732940
1,165721 -31,791162
-0,130155 -36,506777
0,621195 -37,469821
-37,192379 -8,011646
-18,991637 -37,118548
5,595539 -34,080109
-22,307231 -43,106137
-23,179837 -41,751934
-18,973879 -45,823359
-20,366835 -45,951323
-16,097736 -41,075204
-21,568021 -40,949435
0,919399 -34,154050
-19,090751 -46,290179
-19,456376 -45,762560
-33,950796 -4,483296
-33,257199 -8,200903
-22,861615 -44,247402
2,106927 -30,092089
3,696943 -34,184014
-19,141146 -42,562895
1,425904 -31,643674
-40,752974 -2,562222
-39,962369 -0,552584
-37,897586 -5,866840
1,946155 -31,417610
-21,914668 -43,230820
-39,216991 -5,549390
-21,059057 -39,623574
-19,869589 -43,229013
-39,362274 -0,444677
-20,162613 -39,420787
-33,822561 -2,623279
-38,774535 -0,511067
0,333687 -37,369903
-34,983068 -4,274358
-0,471806 -32,407301
-25,449952 -43,687519
4,701053 -35,213001
-39,439131 -4,864782
-34,761776 -4,084594
-37,069860 -6,682511
-0,882102 -35,641164
1,535645 -37,201984
-16,428126 -39,433896
-23,089458 -38,066235
-2,264688 -33,201626
-20,073897 -41,722419
-38,225272 -7,216511
-40,235429 -8,166037
-2,643221 -32,335692
-22,130552 -39,332315
-0,457117 -33,902059
-20,738447 -40,229555
4,364410 -37,588371
-38,654516 -2,662747
-42,480747 -4,346936
-25,611356 -47,421733
-20,457850 -43,873634
-40,302984 -2,720806
-38,910210 -4,221631
-20,531908 -44,368470
4,811573 -33,319776
-18,342632 -43,358199
-38,659018 -1,117890
0,763669 -31,393667
-36,176913 1,392298
-19,554989 -43,464129
-18,920184 -43,453491
-34,974262 -0,259580
-2,041078 -33,010240
-39,338615 -1,917921
-17,432732 -42,929517
4,304003 -38,602814
-40,056427 -3,299869
1,845798 -34,590570
-14,928191 -46,781546
2,265540 -34,990118
5,607031 -35,755328
-39,187302 -2,965734
1,980224 -36,860253
-38,683363 -4,636781
-39,829477 -9,002355
5,473927 -34,550612
1,542334 -37,455808
-38,244859 -0,696981
-42,636696 -2,410773
-41,274786 -2,639869
-37,587888 -2,676524
-21,159224 -42,055205
3,074063 -37,895582
4,973631 -34,168789
-39,451632 -6,312378
-21,090252 -46,520979
2,080185 -32,499751
-18,702906 -40,604630
1,131498 -31,002027
-19,295805 -40,749219
-40,428064 -6,338223
-40,901334 -2,872951
2,263327 -34,259403
-0,432826 -33,355050
-36,169072 -8,171627
-24,100908 -43,416976
-20,170583 -40,391059
2,085081 -32,267163
-0,258616 -33,506762
-19,863642 -39,475867
-19,202745 -46,998695
-41,455215 -5,818587
2,361566 -35,542052
5,019044 -35,363233
-41,131185 -7,758882
-33,400744 -3,720610
2,347776 -32,710207
-19,099645 -42,090670
-17,904483 -44,697635
3,429869 -36,669232
-19,597654 -38,733241
2,497482 -31,522094
-37,340979 -0,402927
-0,536063 -37,432662
-33,984597 -5,968066
-0,176869 -33,764881
-40,686148 -5,748175
-1,475922 -33,210257
-35,242607 -3,338223
5,650970 -35,901539
-36,661023 -0,535546
-40,495708 -0,456406
-15,714788 -40,527538
0,816116 -40,404802
-40,949573 -3,125112
-40,017339 0,496372
-33,968833 -2,357434
3,953174 -33,317042
-35,719282 -4,781097
-21,927307 -46,208695
-20,252703 -41,813484
0,373699 -37,128150
1,057405 -32,349705
-34,020090 -3,480234
-38,137040 -2,997803
-1,370306 -37,717862
0,997597 -32,979186
-20,137784 -43,644048
-16,889649 -44,925317
-38,699065 -3,493668
-18,911737 -37,087704
-40,101288 -2,354240
-39,526941 -4,425049
-42,115836 -7,012825
-42,436359 -1,872024
-36,009397 -1,501178
-23,205217 -39,921581
-39,018021 -5,078805
1,483951 -36,659093
-21,701335 -43,683998
-42,982425 -2,437227
-20,361917 -42,385602
-19,853884 -45,722771
2,595154 -39,225276
-4,035668 -35,872893
-23,940432 -39,103486
2,149600 -33,022131
-22,635568 -43,945610
-39,189283 -0,414361
-16,038664 -40,447703
-37,513309 -7,541287
-24,393468 -41,628949
-20,135318 -43,447165
-21,214955 -39,215049
-1,516758 -34,211978
-37,362664 -6,393606
-39,920732 -4,798194
-38,808293 -4,495172
-39,984174 -6,624703
-1,284996 -32,711907
0,475440 -37,508966
-37,127729 -7,353393
-36,070814 -2,784254
-22,885037 -44,166609
-2,108225 -36,637752
-21,867852 -42,935100
2,719781 -36,485337
-40,625466 -4,448441
-40,760383 -5,274747
-2,886802 -33,805420
-24,548663 -44,861596
-15,302890 -43,391796
-25,159872 -42,634474
4,135748 -35,864680
-37,328658 -0,806499
-35,740844 -1,044483
-40,963741 -2,476763
3,987877 -32,800829
-34,432376 -8,493969
-38,412878 -0,110991
-18,911715 -43,082204
4,397709 -35,242093
-21,041671 -39,316291
0,533935 -34,111214
0,253868 -30,195084
-18,843598 -46,274211
-16,709257 -46,437502
-37,152339 -3,167294
-40,730205 -2,496129
-0,304964 -38,645960
-17,161183 -41,211785
1,343865 -35,567550
-19,923391 -41,467863
-37,397110 -6,124759
-39,607633 -3,162255
3,605449 -37,294958
-1,736066 -30,805087
0,233172 -36,163516
-19,452917 -42,708217
-19,609549 -41,166011
-19,666918 -40,659243
-25,644686 -40,423873
2,468618 -34,961985
2,940601 -35,422910
-41,423935 -1,494111
3,704283 -38,498702
-21,382037 -42,242553
-17,322381 -39,859354
-0,842968 -33,387546
-3,366555 -31,962721
-20,878138 -44,644834
1,600597 -35,197264
-39,632619 0,016708
-39,314545 -4,445159
0,413981 -38,967350
4,582341 -35,166425
-22,115241 -39,126099
3,349070 -34,472594
0,959498 -39,356243
-24,705065 -47,126426
-22,003502 -42,944164
-19,844152 -46,343556
-20,840724 -41,781454
-2,818338 -35,558210
-17,066603 -45,638705
-37,851282 -5,893376
-17,296615 -46,024555
0,692603 -32,919282
-37,514660 -1,956418
-20,887983 -43,243152
-21,132115 -45,020973
-2,641785 -37,171405
-19,520911 -42,580331
-0,159443 -38,575658
-0,306614 -33,147735
-43,405432 -0,587337
-38,828070 -2,212712
2,917856 -31,345843
-38,448626 -6,271778
-21,590640 -41,423471
3,183099 -34,882840
-21,292760 -38,091066
-35,107330 0,345771
-3,545811 -34,141430
-37,066835 -2,354913
5,102710 -30,520320
0,917743 -38,347094
-21,458453 -38,254061
-16,922261 -44,067164
-1,872035 -32,065360
-21,779426 -39,673603
4,298763 -36,693055
-38,660658 -3,634336
-40,002710 -1,201302
2,111679 -37,214513
-33,354520 -3,138698
-3,154192 -35,821700
-38,118340 0,472737
-35,401613 -6,958288
-24,048905 -46,980984
2,963283 -35,771318
2,385490 -37,786926
-19,364889 -47,184795
-17,041320 -37,717839
-21,658274 -46,547779
5,850698 -35,974719
3,369395 -36,042547
3,619608 -34,167452
-41,619320 -3,198291
-38,737246 -3,661761
-36,973607 -7,416941
-43,294682 1,640376
-20,309012 -45,653793
-38,516584 -0,823834
-20,598490 -46,224409
0,791387 -36,513481
-4,165408 -31,781868
-22,236412 -41,770063
-17,410197 -39,198796
-40,907078 -2,626664
1,449558 -36,068067
4,660241 -34,567196
-41,530949 0,578629
-4,715410 -37,514544
-16,038725 -38,886993
-37,181600 -2,648325
-22,533028 -40,349469
-19,880963 -45,366434
4,520454 -35,094405
-17,673818 -42,785503
-15,628162 -41,048566
-23,857770 -42,715633
-1,732738 -34,872480
-25,673061 -40,378393
1,509007 -36,759541
-2,193449 -34,622538
-39,329640 -4,837337
3,866511 -33,309479
-39,319446 0,932917
-35,822689 1,066550
-40,312870 -2,028472
-15,320666 -42,886741
-17,290210 -42,067891
2,948558 -37,775601
-16,801275 -42,325239
-20,120063 -42,791271
-18,177040 -47,282202
-19,071520 -43,355095
-36,051765 -7,017601
4,075460 -35,119768
-1,613613 -31,605332
-16,018879 -41,591126
-22,530704 -45,846491
-18,756929 -40,780218
-23,340001 -40,843317
-35,005426 -2,662557
-3,107411 -35,266403
-19,897306 -40,411954
-19,813783 -38,838012
-18,674999 -41,650560
-2,104133 -38,232872
2,674158 -34,318583
2,289733 -34,182722
-34,602659 -5,568945
-18,250166 -39,428025
2,421387 -35,373516
2,354960 -38,714384
2,111664 -30,046725
-19,122245 -44,797492
-41,149939 -3,105423
-2,311094 -34,509516
-20,201433 -46,800087
-19,262278 -40,565521
-0,428315 -36,031611
-20,383090 -40,718208
1,096405 -30,340734
-40,423581 -2,318665
1,268892 -33,541211
-21,544212 -46,051488
-14,955324 -41,258404
-24,236222 -39,360078
-38,651505 1,591648
-4,644592 -34,588579
4,380658 -36,961916
3,821889 -35,642914
-41,790005 -6,865518
-16,146354 -39,897931
1,562275 -37,871614
-18,437437 -42,654355
5,267389 -39,877168
-41,984425 -0,753772
-18,769079 -43,003607
-19,579639 -43,166020
-24,055868 -42,738613
-1,746102 -33,808548
0,229388 -31,585836
-18,657590 -44,866555
1,330073 -33,828995
-2,316256 -36,584244
-20,283079 -46,248033
-20,038896 -43,827989
-39,420653 -0,982297
-18,077461 -38,984277
2,709264 -34,281317
-41,624975 -8,245136
-41,128566 -8,055695
1,301788 -32,999374
-0,048002 -37,782845
-15,222201 -39,793955
-17,542839 -40,287713
-19,345737 -42,364175
2,736231 -35,164354
5,992439 -37,603143
-37,565348 -8,141058
-39,588011 -7,284818
-2,048151 -38,192649
-40,178635 -3,409575
-35,781419 -7,067970
-21,023696 -46,731392
2,657863 -38,768314
-19,153774 -43,189951
-41,710602 -3,799735
1,759123 -32,262128
-39,279505 -2,488675
-36,678015 -3,746023
-37,616877 -4,599861
-37,572714 0,358063
1,760045 -34,581413
-24,124295 -43,369473
-20,916785 -45,360587
-1,851065 -35,717424
5,128098 -34,625348
-40,010815 -4,819635
-23,124196 -42,027315
1,143143 -36,327382
-38,609037 -3,264758
-40,144430 -4,654768
-1,488968 -33,755204
-18,878085 -43,791654
2,630380 -36,258773
-38,201216 -4,563038
-18,066925 -38,237300
-20,755233 -46,011257
-1,945031 -32,700038
3,074319 -36,021940
3,089132 -36,362698
0,009275 -39,515833
-3,599785 -36,930064
3,916056 -34,154113
-41,839204 -3,463166
-39,370484 -5,371059
-18,861435 -41,075231
-15,959664 -39,569844
-1,926691 -35,040472
-24,666120 -45,666617
3,621577 -36,914734
-20,591988 -37,755901
-1,951847 -30,587290
-41,121254 -3,744857
0,136773 -32,872571
0,926344 -35,442505
0,487457 -32,478678
-19,066096 -40,811242
-41,985773 0,151416
5,053803 -37,749725
-0,013558 -35,888016
-16,530765 -40,234454
-22,458417 -41,536109
-34,443261 -5,095075
5,020120 -38,086550
0,491135 -35,565346
-19,889100 -39,402779
0,143962 -34,082427
-23,505468 -44,246072
-21,381635 -40,667377
-39,341311 -1,453410
-38,216608 -2,583360
1,001304 -36,058561
-40,762855 -5,557813
-17,104688 -41,147335
-2,068327 -39,741849
3,113520 -34,355865
4,380666 -33,825441
-20,144368 -36,907208
-36,836057 -7,463152
-21,542587 -41,393523
-34,731487 -3,239292
-15,447091 -42,446918
-18,990119 -42,786833
-22,541163 -46,172459
3,297589 -33,890857
-35,641021 -3,246229
1,609525 -37,779516
-18,056383 -45,931270
-38,344126 -5,456648
-38,464210 -6,474923
-36,983131 -5,551871
-23,874625 -40,318496
-21,287487 -44,661603
-38,692532 -4,873595
4,943907 -30,918793
-23,313996 -44,654575
-39,490286 -6,826381
2,353623 -36,435013
5,242481 -31,667956
-23,101298 -41,598609
-37,438361 -4,412899
2,155997 -36,800895
-41,748272 -7,245503
1,691119 -36,952750
-3,424073 -37,469229
-41,498578 -2,446744
-21,918582 -44,827499
-19,530796 -40,272765
-21,393461 -40,649452
-0,359265 -40,212128
-16,119603 -42,062558
-37,262703 -2,605992
-18,369406 -43,150527
-16,066066 -40,844572
-37,376195 -4,747541
-1,274109 -35,363494
-16,814203 -44,086586
-16,067433 -44,241939
-19,666597 -43,516242
-39,357340 -5,912010
-32,817939 -4,082450
-37,867930 -2,426853
-20,613721 -42,370266
-17,985547 -45,514182
-37,592435 -0,536790
-24,495148 -46,561215
-19,259948 -44,869787
-19,952522 -43,303766
-16,531323 -37,605743
-20,274077 -40,593342
-38,307378 -2,914553
-23,054000 -41,372945
-0,466033 -33,795853
-37,179010 -6,835880
-18,991431 -37,673655
-18,391021 -44,411185
-35,504952 -5,771051
-20,697997 -38,578413
-17,088819 -43,154104
-21,236580 -38,221896
-3,395380 -39,950183
-36,699634 -4,320613
2,393786 -36,441630
-37,035973 -1,558816
1,512106 -35,429805
-42,008197 -5,140906
1,041792 -32,590355
-18,908992 -43,585641
-19,041844 -45,173358
-36,743463 -4,101586
-3,161069 -30,400762
-1,527669 -38,137103
-20,486176 -44,440670
-20,628854 -47,230571
-38,205038 -5,303871
-14,816510 -38,985787
-36,163690 -5,219539
-23,905011 -47,002522
-40,827362 1,505768
-16,145689 -40,017597
-34,478136 -1,268689
0,017189 -36,660422
-39,466306 -4,450565
-22,116992 -45,836320
-38,053409 -6,211030
-22,367804 -43,732137
-38,984370 -6,041603
-24,610091 -41,127716
1,918386 -33,692873
-18,147433 -44,852571
-1,582936 -35,125810
-38,552960 -5,692397
-36,808956 -1,340249
-18,981351 -45,193555
-37,877482 -4,150944
-15,426160 -43,754052
-18,223802 -40,155045
-38,422889 -3,153548
-39,856135 -2,760465
-0,852674 -38,685327
-19,063727 -43,635929
-35,307965 -5,549292
-21,842317 -39,141222
3,682489 -34,857421
0,357439 -36,509100
1,523590 -34,193273
-21,163761 -43,276098
1,004775 -36,628506
-40,639401 -7,389410
-19,216151 -47,077834
-18,450050 -41,995673
-23,831193 -45,611531
-16,194137 -42,677071
2,580482 -33,268345
3,943424 -36,484783
-34,509179 -0,525400
-19,050307 -45,314117
-16,865978 -41,642896
-35,934698 -4,618484
-39,616620 0,343580
-20,176277 -43,699558
-1,037919 -36,117816
2,186493 -32,937287
1,196246 -34,244251
-36,361326 -6,293225
5,665508 -34,543427
-3,863927 -31,923925
2,354767 -34,774034
-37,364593 -4,467679
-37,264737 -0,697676
-35,267204 -1,645813
-21,660372 -43,822104
-21,162990 -42,921954
-24,246384 -43,416961
-20,140803 -42,612493
-21,347877 -39,321508
-21,632927 -41,923309
-37,949647 -7,790953
-17,061950 -39,606243
-20,797848 -44,715551
-17,829463 -38,294517
-42,631559 -5,589185
-21,209419 -41,713123
3,849770 -35,410441
-1,451089 -31,646378
0,056038 -35,065920
-38,901542 -1,939893
-21,410275 -41,959316
-19,696822 -43,498466
4,986733 -30,938424
-15,422695 -44,552010
2,414306 -34,069619
-41,860283 -7,677620
-37,346192 -3,247061
-38,502838 1,355666
-17,908480 -40,760848
1,667016 -30,869227
-41,659763 -3,114697
-40,354377 -4,701573
-2,973211 -36,455097
-37,320302 -4,754028
-41,293766 -4,817711
-20,474725 -39,051981
-38,921715 -2,726041
-36,864880 -2,040985
-22,110168 -45,212018
-43,070756 -2,820948
-22,240860 -43,540691
-19,677112 -40,495399
-20,552284 -39,455265
1,210241 -32,113253
-36,162462 -3,568140
5,985075 -34,742339
-20,422511 -43,234594
-38,082229 -3,475642
-36,777463 -4,321770
-17,088341 -46,561930
-35,757446 -4,150869
-39,370055 1,844945
0,422668 -36,050631
-20,202178 -45,152431
-42,339800 -2,771335
-23,401856 -45,294489
-20,272980 -44,241502
-33,902210 -0,940171
6,462674 -36,373291
-22,627866 -45,891762
-20,025349 -44,958451
1,661775 -35,647390
5,959068 -33,860114
-38,938905 -3,910255
-40,628887 -3,272291
-42,311930 -1,063993
-41,776276 -3,876434
0,853467 -34,557678
3,931987 -34,734331
1,005489 -30,675884
-1,652104 -37,368285
4,251009 -34,840161
-17,067175 -41,972111
-2,102155 -35,314502
-23,749376 -40,816261
-0,502090 -33,631095
-43,222068 -2,479736
-1,143521 -36,076140
-19,972726 -43,691046
0,302655 -39,451247
2,365495 -33,548455
-3,221032 -32,938903
-3,153199 -35,228531
-16,036385 -42,776203
-34,821570 -2,563869
3,328805 -36,595043
-18,620284 -43,786122
-21,829892 -46,365653
-37,340654 -0,958353
-23,866353 -42,726610
-38,740365 -3,896144
-20,092959 -45,191808
-38,870415 -1,790811
-41,332482 -3,478490
-40,963581 -4,851394
0,722020 -36,736078
0,886385 -33,303280
0,630984 -35,184247
-23,027635 -42,438346
-38,166709 -5,870724
-4,132012 -35,883104
-20,785293 -44,785923
-20,220568 -40,590711
-0,998128 -30,005411
-18,698527 -43,388627
-22,832597 -44,978180
2,897213 -32,710707
-22,088941 -40,827796
5,665325 -31,202320
-19,243014 -42,036354
2,139888 -37,103890
-18,931253 -39,019721
1,272845 -37,383449
-20,863549 -46,068948
-20,516344 -40,442902
-2,130130 -32,976316
-23,641241 -45,646893
4,032304 -36,185254
-1,824948 -38,004375
-17,478035 -41,714798
-18,846989 -46,479497
-37,080003 -6,233985
-38,567002 -0,117565
-19,888273 -43,155053
-20,031223 -41,029827
5,795460 -38,055773
6,103037 -31,653267
-40,429397 -2,747052
-19,789859 -45,809080
-40,499450 -3,236686
-17,738793 -44,848299
-40,731582 -6,452835
-40,853287 -3,708944
-19,669686 -44,947901
1,666132 -32,792720
-39,146281 -3,422891
-41,957344 -4,351868
-37,951784 0,003941
-42,737855 -7,580671
-42,656130 -3,616460
-35,027656 -3,254625
-2,766490 -35,939351
-4,128199 -35,374483
-33,198006 -8,469987
-4,182385 -34,720963
5,255002 -35,788748
2,429770 -39,346124
0,853324 -31,342768
-36,302022 -2,977925
0,895392 -32,787963
3,856888 -35,940892
5,009576 -35,579299
-36,607937 -2,421823
-35,907040 -2,475648
-41,536480 -4,175495
0,005859 -34,214749
-35,216077 -3,286901
-23,110468 -43,556737
3,159175 -34,509890
-19,462590 -40,095691
-40,357047 -7,818134
1,030272 -32,944282
-22,862576 -45,678629
-19,500801 -42,630635
-35,069630 -3,866606
-38,241104 -4,459245
-3,392917 -33,359890
-16,977215 -38,259950
-21,111288 -45,379089
1,943153 -32,662195
-37,704983 -2,093487
2,986530 -30,819167
-23,512009 -44,441495
-21,400932 -41,026786
-38,285443 -6,638145
-38,197491 -2,929061
-1,234929 -35,634122
-36,883557 -4,291129
-19,388155 -45,063232
-37,358334 -2,311374
-19,737009 -38,748022
-19,519284 -43,759316
-17,835738 -44,027198
-36,657550 -7,335487
-36,780201 -2,467317
-17,653585 -42,451948
-33,358843 -4,016565
-35,350173 -3,840752
-38,662474 -4,614361
-42,883393 -4,400438
-17,451397 -44,323123
-16,577084 -39,412304
-39,226607 -1,984329
-35,760732 -2,117008
4,087574 -37,398451
-20,723931 -43,973022
-39,507853 -3,492969
-41,873649 -0,086837
-19,256016 -47,177691
-1,545637 -35,159502
-3,433432 -36,518956
-16,255317 -43,120881
-0,763546 -36,272373
-18,886583 -44,142269
0,720159 -32,446237
-18,417647 -45,401499
-19,825921 -43,523914
-21,266026 -45,170828
-37,868121 -6,989303
-42,109742 -4,135281
-35,368250 -0,859966
-0,090192 -34,122935
-18,117185 -44,600831
-18,302782 -45,075722
-34,141371 -5,397248
1,877867 -35,653040
-0,463210 -31,851047
-18,723623 -44,030229
-35,106857 -2,702179
-22,838939 -47,546700
-40,486911 -8,557095
-22,893981 -41,003094
-22,063968 -42,364532
-23,630857 -40,651673
-41,011729 -5,421492
-35,787071 -3,502664
-41,119992 -3,172641
1,031494 -31,556063
-25,231269 -44,397440
-33,311000 1,548144
-37,663042 -4,067257
-38,074299 -8,350341
1,051777 -32,352137
-36,359668 -4,347978
-39,872960 0,022375
-19,677450 -45,911580
-19,086802 -44,417005
-19,326062 -43,986697
-34,474182 1,118994
-0,515845 -38,561080
-17,473120 -38,828329
-40,812084 -3,284380
-19,612339 -46,613584
-18,015107 -42,514341
-37,627045 -1,977805
-38,123487 0,846578
2,971479 -34,071112
-23,651442 -43,961623
0,337692 -34,075768
1,423945 -31,348639
0,730258 -35,467145
-22,170244 -45,335036
1,758985 -30,987256
-0,127315 -32,202086
-38,039592 0,586223
-1,865226 -35,991579
-4,076350 -35,567512
0,979713 -31,741429
-23,324787 -46,347281
-37,793946 -4,582543
-37,555441 -1,206483
-42,537302 -7,966631
-24,888363 -42,738144
-19,321558 -40,538127
-21,056993 -43,208644
1,232113 -33,658065
-19,907086 -44,936535
-22,917521 -40,416790
-35,718514 1,546127
-20,583167 -40,170545
-1,873515 -33,679971
3,046893 -36,981131
-39,168388 -1,531653
0,399789 -33,684558
-38,154593 -5,199157
1,338308 -35,776290
1,195649 -32,789694
1,875809 -29,173400
-0,666565 -33,672921
-42,707127 -3,956620
-20,254907 -42,218201
-39,059020 -7,596511
-36,859812 -1,548028
-19,194964 -39,129214
-0,899818 -34,484064
-19,113264 -46,588365
-37,461666 -3,110029
-38,503657 -2,019804
-43,481135 -0,657457
-21,216733 -39,993763
-38,047302 -5,767173
-3,632587 -33,620364
-18,746412 -44,858054
-0,130580 -32,704059
-34,629311 -3,833902
-40,348486 -1,995184
-22,911069 -39,968872
-35,832020 -4,400168
6,468149 -35,328124
-18,833893 -42,546038
-20,136521 -42,817171
-34,314984 -6,242400
4,909543 -37,578353
-3,956472 -36,469702
-20,508079 -40,142122
0,687538 -37,355906
-37,677941 -5,221405
2,398809 -30,198293
-20,488927 -41,569951
-17,975910 -43,227805
-20,177079 -44,407744
-19,559402 -43,658189
1,634362 -35,093352
-1,052601 -33,847818
-3,334867 -33,011242
-36,865579 -4,820840
-22,774880 -42,044590
-1,175634 -36,574650
0,239861 -36,095848
-24,741424 -42,144794
-35,536167 -6,208008
-19,966401 -38,012741
3,561123 -33,162039
-19,702366 -41,248782
2,839936 -36,605963
0,828943 -33,118506
0,652919 -38,505866
-21,660825 -39,907388
-20,309453 -45,892100
0,276831 -36,362270
-38,063693 -5,139403
1,520243 -38,702496
-18,501973 -42,016957
-38,753439 -4,014029
-23,776249 -42,321326
-17,297902 -43,628639
-20,278267 -42,071946
-35,058468 1,540142
2,100370 -37,482212
-38,992749 -5,202856
-17,972053 -41,963337
1,473675 -35,077711
-22,961632 -41,380886
0,039612 -33,901376
-40,550008 -5,182986
-38,817044 -5,821670
4,731884 -34,410282
-38,047779 -1,114576
-40,511965 -4,383043
-35,341546 -4,123073
3,147169 -30,939138
-41,455773 -2,410920
-34,135953 -3,506605
-39,104864 -6,212586
-19,867644 -42,308893
2,412610 -38,290666
-0,622167 -35,215971
-20,455337 -41,970650
3,052018 -32,198410
-35,199980 -7,589032
-22,539949 -39,869538
-0,168488 -34,780483
-35,842829 -3,431751
-20,657418 -47,265438
-19,886364 -39,698671
-2,203309 -30,909055
-37,071622 -3,996072
-1,414699 -36,402381
-38,754330 -7,811303
-36,949869 1,481013
-39,918062 -5,838184
-19,886868 -46,476458
-36,079245 0,830342
-40,793589 -3,526423
-40,947065 -2,017636
-36,849301 -5,346018
-17,518170 -41,279096
-36,703557 -3,769507
3,070147 -34,996414
-33,560857 -5,531359
-18,133731 -40,613832
-37,141414 -3,512944
-17,483681 -43,474418
-39,284620 -3,608518
-3,810204 -32,197425
-16,640268 -41,227759
4,207271 -35,391266
-33,664596 0,634148
-2,086486 -32,865495
-16,978994 -39,188369
-33,558597 -5,073099
-18,693147 -45,049867
0,214204 -31,334186
0,252102 -38,876602
-1,053158 -39,339479
-38,317256 1,116872
-16,888448 -43,240448
-18,020555 -45,950150
-19,341798 -40,033316
-20,259661 -45,542459
0,843669 -34,221130
1,489655 -32,357863
-40,368716 -5,692263
3,734042 -34,427839
-21,434499 -41,990536
-40,898312 -0,239117
-39,306423 -4,656482
-37,374808 -2,629966
5,815711 -32,957332
-0,958237 -32,645595
0,777371 -38,412805
-15,584032 -41,018255
-19,794197 -44,519397
0,764214 -33,823720
-38,845444 -2,711067
-1,019389 -34,100583
-18,713617 -44,272323
-24,327329 -44,608791
-36,285985 -3,374035
3,933814 -31,698533
0,118185 -34,644304
2,304183 -31,935744
-20,377172 -43,112494
-36,635287 -4,495788
-17,003194 -39,562543
-1,201701 -40,615243
-41,084846 -2,973978
-3,199971 -34,374569
3,037764 -35,762627
-43,007430 0,541328
-36,741553 -3,448347
-19,636462 -44,400016
-21,669839 -43,365444
-34,019075 -4,002322
-40,055816 1,270163
-21,811342 -43,329007
-37,090436 -0,187431
-15,345866 -42,554946
1,210162 -35,158178
-37,801288 -3,557661
-37,253231 -1,313983
-18,304450 -43,995220
-36,791338 -4,361655
-39,510145 -0,686142
-20,255707 -43,947163
-42,442754 -3,116240
-15,708455 -44,969250
-20,176736 -45,024210
2,639013 -33,747396
-38,022364 -2,682124
0,778836 -34,746699
3,019594 -35,762580
-15,958417 -39,609341
-34,241697 -2,198678
-36,824914 -6,148357
-1,101527 -38,387308
0,158823 -33,673986
-39,269055 -1,594499
-36,181492 -3,858578
-23,150835 -45,096751
6,213237 -33,047518
-2,607624 -37,832231
-21,873397 -47,086765
-37,910155 -3,211793
4,432747 -37,137920
0,046420 -36,335558
2,581260 -33,546381
6,087947 -33,424761
-39,456569 0,690642
4,121322 -36,145626
-37,082441 -2,895470
-38,930766 -4,876568
-17,199785 -40,615898
-18,140408 -39,816765
0,285690 -34,640024
-23,753754 -44,910729
-39,624323 -8,015265
-23,006614 -43,226609
2,857406 -33,379012
-38,416411 -4,289345
-20,096965 -43,682172
-38,773752 1,683566
3,403885 -36,099201
2,265144 -34,320666
-39,851730 -0,857323
-40,001709 -3,232484
-41,488887 0,407034
-19,328565 -38,128815
-15,956230 -45,512773
2,788786 -35,666978
-35,556065 -0,909477
-38,023433 -3,366353
1,522558 -36,732905
-38,424706 -3,615793
3,895745 -35,872844
-20,021646 -42,914921
-0,210262 -38,411433
-36,938780 0,834068
1,558030 -35,561914
-40,563475 -1,127974
-37,775046 -4,954083
2,381620 -32,426644
-18,107857 -43,039412
-42,661460 -4,736670
0,407352 -35,240256
-41,535383 1,556320
-42,948987 -0,822642
-39,368356 -2,186013
-36,918545 -0,301284
-17,827704 -37,893908
-23,379899 -40,379981
-40,363338 -3,373613
-35,311539 -4,144865
-19,196035 -42,208963
-19,394179 -44,707132
-1,031539 -36,347853
-21,566051 -46,438921
-40,696477 -4,483750
-41,091849 -0,185202
1,799593 -33,760777
-35,386438 -3,473106
-22,975629 -41,199940
-38,356925 -1,248356
-33,614476 -4,731443
-24,126433 -41,269594
-0,264620 -35,751428
-17,292917 -43,189639
-16,031567 -41,281533
-17,905345 -41,698046
-17,426481 -38,487111
-21,595596 -42,481363
-22,900342 -46,900969
-40,362116 -2,409085
3,642283 -33,124119
-1,551937 -34,422128
-35,937893 0,033167
4,891714 -35,529087
1,027069 -33,884289
-40,654499 -5,667821
5,039435 -32,445179
-20,015001 -41,845370
1,224508 -31,639580
-1,755233 -39,447327
-36,013660 1,342582
-35,703328 -4,663061
2,581233 -34,789401
-40,651399 -4,573229
-39,001400 -5,726968
-1,223740 -36,828657
2,153836 -37,561625
-0,956718 -31,865836
-19,094195 -47,181850
-19,631424 -42,768781
1,339580 -34,855086
-37,484193 -3,302308
-18,268322 -44,787619
-19,929641 -43,243448
-23,575228 -46,833613
-0,676567 -36,776441
-20,430092 -40,646970
-20,459146 -43,136837
0,698948 -30,476305
1,593653 -37,298037
4,621940 -37,469979
4,407366 -33,025163
1,748493 -33,206736
-17,721595 -46,154281
-19,616553 -41,663344
0,344112 -33,427269
2,789272 -38,213228
-1,518066 -36,106374
-38,953868 -1,982307
-35,321134 0,474099
-21,165444 -41,483789
-38,132973 0,188714
-23,746943 -40,313916
-18,748051 -42,340994
-36,406765 1,693546
-2,047072 -36,226886
-18,686257 -45,850733
-18,631245 -41,294537
-2,602295 -36,935865
-1,254847 -34,910462
-39,186596 -2,063143
-24,542131 -45,123927
1,078332 -33,366603
-20,438811 -47,500486
-1,394321 -30,958577
-19,265937 -41,306531
5,752694 -33,527759
5,392413 -38,636242
3,709020 -38,072107
-33,643334 -2,214259
4,055105 -35,664078
-1,611069 -34,006242
-41,663719 -1,953918
-38,487988 -6,409903
1,149475 -34,549717
-42,220555 -6,985689
-0,191427 -33,972630
-18,446996 -40,220217
-22,435265 -41,309424
-21,776959 -43,497155
1,255010 -38,237721
-40,027261 -7,402132
-3,800883 -30,758714
-38,363885 -3,502872
-38,915900 -5,791408
2,050721 -37,844916
-18,303501 -45,738503
-18,782866 -45,963260
-15,741692 -45,534246
-0,938892 -36,939387
2,542416 -34,053044
-0,303685 -35,420192
-19,561743 -43,201994
-38,069398 -3,224804
-15,341540 -42,133884
-19,950414 -44,242311
-25,125659 -40,810655
1,522956 -34,313153
-40,583980 -3,073990
-19,674132 -39,234027
-0,571438 -34,309598
-37,761662 -0,980865
-2,433671 -33,535418
-35,475943 -7,924791
-42,115998 -4,737626
-38,632127 -2,627526
-35,857533 -0,854112
-3,681098 -35,787822
-1,667802 -34,181636
-38,065194 -0,175822
-35,462926 -1,756286
0,786219 -35,613650
-19,834103 -44,157778
-39,521162 -4,332860
-39,069808 -2,264263
-17,567923 -44,836774
-39,574026 -8,019550
1,353901 -31,545658
-39,935465 -3,530271
-15,135938 -39,886758
-43,266870 -7,760608
2,234218 -33,938968
-36,039980 -4,754325
-41,382633 -2,840982
-20,423444 -43,436313
1,053160 -36,441603
0,930285 -35,478933
-36,878308 0,374365
1,409598 -32,920881
-38,641494 -4,326021
-34,935597 -2,007742
-16,206088 -41,693931
-36,922018 -4,010234
-40,532690 -4,979026
-40,254800 -4,179231
-39,519423 -5,345718
-38,956889 -4,732925
-37,691931 -1,549563
0,813139 -35,300152
-37,108166 -2,927296
-38,638659 -4,932351
0,685343 -32,184047
-19,078864 -46,192170
5,728708 -34,635478
-33,452388 0,359293
4,734813 -35,869749
-21,820343 -43,055153
-19,234271 -45,315881
-41,592313 -3,408475
1,020838 -36,426232
-16,804441 -43,029037
1,032613 -34,974627
-38,102214 -4,419581
-1,165409 -33,097137
-18,057676 -45,288740
-17,251714 -40,787965
-2,356671 -36,736062
-19,114971 -40,957926
0,151853 -34,898190
1,478414 -31,684371
2,706484 -35,695266
-17,290644 -42,168900
-38,396311 -1,887714
2,052293 -35,449037
-17,936942 -44,127316
0,294367 -36,218915
-21,999212 -38,236467
-39,587063 -2,842885
-40,527361 -2,188232
-15,174833 -46,159413
-35,556047 -7,696425
-41,777621 -3,404707
-42,039374 -2,957233
-39,824970 -4,198877
1,580938 -34,936183
-38,119907 0,185386
-18,615438 -40,368833
-35,014207 -2,156558
-23,139943 -43,278899
-21,866029 -44,964247
-19,875441 -39,292210
2,111909 -33,523883
-1,595968 -32,600842
4,704029 -38,074394
-20,428508 -44,280290
-20,873832 -46,670637
-37,277770 -0,101845
-15,423112 -39,899023
3,473306 -31,392274
5,736660 -38,748889
-36,255483 -6,422718
-1,478542 -32,282556
1,087848 -36,478765
3,297726 -39,198642
-22,635910 -42,717113
-17,371390 -45,534931
-2,755063 -35,469011
2,557395 -37,482267
-41,273064 0,039582
-19,983067 -42,177969
-24,518184 -42,137085
-3,664809 -38,821179
-16,316513 -39,644882
0,987095 -36,285658
-36,489307 -3,395034
-19,579147 -40,896589
-3,597307 -34,254085
5,251023 -35,323626
-23,489589 -43,128326
3,569203 -35,381062
0,195717 -33,736280
-1,824969 -35,775583
-20,175300 -45,574563
-38,695744 -0,287642
3,147277 -33,457623
-38,995214 -4,747352
-2,664954 -31,505105
-34,203231 -4,156662
-18,454327 -42,054508
3,357888 -34,708501
-4,364585 -37,168547
-35,369323 1,000571
-21,814446 -37,136893
-38,926234 -2,267648
-38,172320 1,268358
-37,125087 -3,664898
-23,906314 -41,859214
-36,812021 -2,765050
-37,796002 -2,113235
-20,554532 -42,285000
-19,979061 -45,837477
3,313266 -37,647316
-16,646525 -44,489270
-35,638911 1,654157
-18,904487 -45,074298
-19,986582 -39,844591
-19,202382 -46,523525
-41,284527 -2,013868
3,372033 -33,908033
0,639158 -39,128764
-38,828778 -0,154286
-2,498857 -36,924626
-0,774666 -35,424381
-34,083203 -1,326128
-0,160167 -35,757605
-25,588356 -41,600643
-37,960590 -0,476243
-16,233777 -47,232177
-1,915807 -30,778758
-38,675935 -5,394054
-36,989779 -4,436164
-18,923123 -38,594626
-0,022662 -34,979877
1,198254 -35,873700
-21,772759 -47,709103
-23,040934 -41,111149
-39,968111 -3,787962
-22,670297 -43,560208
-4,067759 -35,468956
-2,582524 -33,604722
0,602888 -30,189128
-19,077829 -46,462586
2,261845 -35,488195
-16,775746 -43,404067
-23,106012 -38,843955
-38,194080 -6,680513
-35,195737 -6,343988
3,896975 -33,859003
-17,396719 -39,826916
-40,480191 -5,652070
-0,946704 -35,246473
-39,744718 -4,735878
2,779639 -36,831298
-18,214024 -46,188690
-18,259952 -42,544982
-3,039824 -37,722450
-18,696308 -47,719736
-22,053236 -38,149999
-22,949381 -46,237150
-42,725482 -4,323057
-20,507429 -41,653914
-24,407499 -39,364257
2,918205 -31,925257
-38,257017 -0,713857
-2,260525 -31,323271
1,431596 -34,866121
2,035520 -34,537844
-0,607313 -35,230722
-37,231312 -1,591326
-15,808553 -45,324058
-18,517203 -45,480498
4,493201 -34,953271
-20,335083 -44,234716
-34,734656 -2,446497
-22,844435 -39,301464
0,307617 -32,151138
1,664776 -36,669555
-22,257256 -44,090510
-37,523520 -3,051905
1,422653 -36,926776
-20,055671 -46,596418
-35,797281 -4,500973
-19,143770 -41,424204
-33,882414 -3,412404
-37,186785 -2,986350
0,395040 -37,160210
-0,814874 -38,736044
-16,227429 -41,281346
-21,759900 -37,651645
-37,415283 -2,351148
2,991124 -38,329968
2,867590 -34,136112
-35,355524 -5,333141
-40,819038 -5,451670
5,144872 -32,659974
-17,631478 -43,189367
-21,326322 -43,070402
-16,430226 -43,175158
-23,041435 -42,249001
-38,043354 -7,059695
-1,490133 -39,275522
-23,668204 -44,290709
-20,494786 -39,849165
-41,263550 -2,078789
-24,123423 -46,501022
-20,208158 -40,040588
-39,216447 -4,621730
-20,723471 -40,968295
-1,878580 -32,019126
-36,918819 -5,135310
0,920016 -33,493540
-22,715001 -41,266681
-14,423501 -41,705039
-36,463141 -3,084665
-18,882672 -39,079517
-15,393407 -47,409384
2,208825 -31,430826
-19,338045 -42,881908
-23,629899 -45,043869
-18,994211 -42,199749
-1,226613 -35,536604
-38,165193 -0,844055
0,834528 -35,156058
1,292193 -35,155903
-42,281714 -3,896688
-23,668791 -46,427977
-38,291321 -3,999416
-2,668466 -34,456568
-4,120026 -36,337179
4,720745 -31,673515
-35,969304 -1,193529
-17,907648 -42,430357
2,705983 -36,899872
-2,707387 -39,914912
-42,046529 -5,624958
2,434587 -33,561463
-39,761483 -1,959405
1,733662 -36,126657
-17,610006 -43,053674
-21,131197 -45,467827
2,458113 -35,643511
-0,683169 -33,618634
-42,599277 -6,817632
-21,218413 -42,992035
2,476856 -34,041701
0,888793 -32,334393
0,906565 -34,798005
-40,619346 -3,411960
-17,706776 -45,105911
-37,732358 -0,414479
-21,338881 -46,103638
-15,679724 -41,455053
-17,299334 -41,041073
-38,626912 -0,415677
-39,638159 -4,371221
0,252771 -32,484862
-23,772050 -38,862284
-40,577808 -2,520662
-38,640704 -5,323586
-41,385232 -1,060816
-17,612263 -44,383061
-2,352884 -36,220224
-2,670521 -38,207528
-0,231486 -36,703646
-20,384125 -41,156998
-40,829055 -2,710866
-42,804601 -3,814209
-1,993946 -32,427862
-14,659124 -43,576743
-35,560880 -4,382091
5,770152 -32,905208
1,187622 -37,104744
-39,639158 -6,195540
-36,576668 -2,016322
-41,236182 -5,427645
-40,450152 -0,425392
-33,063219 -8,464203
-38,162602 -4,279713
-17,729536 -44,188855
-17,244613 -43,373420
-41,545955 0,872130
-37,128336 -2,988153
-21,169866 -37,529532
2,213956 -31,034284
-21,439948 -41,798680
-24,592294 -41,757977
2,318528 -36,827448
-38,638006 -0,825394
-36,372791 -1,852754
-23,923635 -42,539430
-43,165841 -5,259939
4,341467 -34,925507
-41,165318 -2,103171
-43,182449 -2,192205
-18,541022 -47,002254
5,115663 -35,056963
1,219731 -36,133184
1,312196 -35,135559
-35,026132 -5,793786
-38,585330 -6,397188
-21,830141 -43,482932
-38,058484 -7,213994
-22,244598 -41,191621
-17,810972 -38,335041
-24,604139 -46,808837
-17,378408 -43,312170
5,112345 -33,376029
-39,037951 -3,845695
-2,731060 -33,853494
2,961712 -29,528161
1,686230 -37,584511
-36,420126 0,751358
1,907986 -39,065928
-21,461188 -41,646243
-42,012059 -3,671842
-24,074181 -45,726146
-22,471776 -47,880998
-36,498152 -2,029501
0,715781 -34,857337
-21,315570 -42,806716
-38,126175 -0,751146
-37,621102 -5,972260
-39,269724 -6,480695
2,116899 -37,575350
0,778150 -39,092791
-19,064654 -46,645814
-3,559693 -30,037036
-41,070063 -1,856695
-37,256135 -1,268622
-37,910000 -5,804542
-40,980591 -5,654921
-18,642456 -42,074956
-19,958445 -39,365127
-16,829151 -42,079525
-35,812148 -2,432366
-34,131093 -1,984488
1,788876 -39,406828
5,320159 -37,688934
-15,347190 -40,597735
-37,075218 -3,407223
-40,218647 -7,624505
-16,792456 -42,802897
-17,132862 -47,666403
-40,424055 0,999425
-16,538039 -39,357578
-37,554730 -4,285820
-16,220900 -45,515429
-21,475041 -39,394044
-37,859332 -1,099920
1,411474 -37,286528
-39,246740 -2,075974
-19,009308 -38,478656
-39,382348 -5,874944
-34,398904 -4,611724
-3,558428 -33,997169
-23,555505 -44,703746
-42,089962 -1,940582
-18,506305 -47,645929
-37,357179 -4,874407
-36,505501 -6,516687
-22,010271 -41,750752
-39,754561 -6,618827
-37,785791 -2,872436
-15,377146 -41,178593
-39,735150 -6,428752
5,189648 -34,839199
-36,500812 -5,918690
-1,207188 -32,608181
3,149164 -36,037121
-18,194371 -45,519449
-16,219694 -43,847773
-37,728761 2,032473
-0,519287 -37,414861
-19,422133 -42,902015
-1,224145 -39,938445
-0,802768 -34,739280
-37,679030 -3,632102
-20,882144 -40,472403
-39,203086 -1,531317
-18,554253 -38,971724
2,722669 -33,359098
-16,062410 -45,017141
-20,568307 -48,105311
-37,774671 -6,399529
-24,452230 -47,301360
1,944272 -33,135632
-38,365382 -0,170345
-33,679585 -5,081129
4,398990 -30,581626
-18,959416 -39,099657
-19,791060 -41,505242
1,297339 -36,717095
-19,355409 -46,375150
1,440037 -35,823226
-3,759663 -37,207057
-39,506448 -3,952182
-17,315916 -42,623042
-40,642853 -3,254768
1,532593 -33,499221
1,205763 -34,298415
-20,840592 -43,630285
-4,599009 -33,684835
-21,673128 -42,372421
-38,539691 -5,365202
-17,841929 -44,429265
-34,081307 -6,888252
-19,010843 -45,032720
-35,514727 -1,434491
1,392591 -34,580059
1,158962 -37,456116
-37,146825 -6,123700
-3,487138 -34,210731
-18,739423 -42,565197
-0,669689 -33,385476
-0,296156 -33,945756
5,126415 -32,491473
-18,568904 -42,677737
-20,755674 -41,759273
-42,736549 -5,203897
-22,187191 -44,916098
-38,221255 -0,621492
-21,813008 -43,251096
-37,520008 -5,012586
0,788335 -30,198456
-37,090825 -8,690260
-36,384205 -1,562989
-37,268488 -1,130413
-37,908189 -0,757385
-0,570152 -37,561777
2,506853 -36,076286
-16,081990 -40,782952
-17,621086 -39,769401
-3,899886 -36,534599
-39,266488 -1,674397
-40,147368 -3,237635
-20,492198 -42,936129
-17,174887 -41,809637
-18,612767 -39,199247
-21,158387 -42,055471
-38,170456 0,808316
1,771881 -33,238137
-34,647299 0,201935
-15,076704 -48,465027
-1,434437 -39,336850
4,545922 -36,190774
-38,160175 -5,124778
5,827214 -33,453044
-18,862989 -42,883371
-39,155944 -3,309729
-20,779106 -41,881740
-21,218395 -37,495193
1,538057 -32,667211
-0,303886 -35,160779
-42,094662 -3,638619
-18,725979 -43,094765
-42,293547 -2,337967
-19,294771 -44,272655
-14,996091 -42,373516
-39,490673 -5,160561
-39,017879 -2,578311
-21,145092 -47,507107
-34,097742 -0,056259
1,356336 -31,785892
-39,821168 -8,156857
0,833416 -39,961782
-20,490266 -47,131599
0,892305 -35,704277
-38,526851 -2,307060
-38,159019 -2,020145
-1,370359 -34,658876
-1,079690 -36,154570
-18,773369 -43,812874
-38,945255 -4,839187
-19,360590 -45,264783
-21,473009 -46,418383
0,718107 -34,861120
-16,427647 -45,845224
-22,434960 -42,488652
3,842043 -32,388194
1,118665 -32,521953
-3,010966 -31,167810
-20,191328 -38,831626
-21,193127 -44,082649
-18,275743 -39,021892
-38,274795 -3,410158
1,479165 -33,513935
-38,912599 -7,139688
-3,293222 -33,200573
1,760974 -32,459584
-36,500984 -5,821505
2,037854 -33,292339
-15,811791 -39,054818
-16,141022 -41,497277
-21,159247 -41,080522
-41,035803 -0,903457
-17,941382 -46,801134
-18,078306 -41,302179
-2,190178 -33,745870
0,761890 -35,444788
-21,569863 -46,770725
-3,179090 -31,508797
-0,851335 -38,424111
4,242436 -35,102827
0,483835 -35,136993
-33,382644 -2,602088
-40,171866 -6,927128
-17,991706 -39,989595
-38,956118 -6,658717
-35,564411 -0,266060
-39,180462 -0,724767
-39,750674 -5,132552
-25,379586 -43,577525
2,648112 -33,314687
-17,637566 -42,606514
-23,568745 -40,749218
3,331003 -33,982088
-43,970328 -1,125922
1,152848 -38,610152
-3,626814 -32,802224
-38,284622 -7,759807
-39,312567 -2,301306
-38,303102 -4,020703
-19,205523 -47,543208
0,306862 -32,069502
3,036298 -37,787954
4,091812 -30,361252
-20,698641 -43,641097
-17,782843 -37,388555
-38,718495 0,738723
3,227974 -35,563215
-37,335410 -3,137824
-18,661629 -40,018177
-39,343838 -3,267562
-0,590190 -35,542563
-39,028656 -6,347804
-20,215609 -42,675597
-20,389963 -42,953035
-17,336410 -39,614485
-39,294343 -4,218513
-40,484782 1,786717
0,706688 -34,971955
-16,980461 -44,512699
-1,739826 -34,657483
-18,684794 -41,606883
-21,208669 -42,613154
-35,018703 -1,774413
-19,242368 -43,343745
-35,186412 -4,126290
-21,250811 -40,390610
-37,303387 -2,702790
2,695108 -31,643205
-4,078180 -33,309352
-40,740514 -5,928455
-0,721240 -34,281436
3,814361 -34,734825
2,805688 -32,236302
1,237795 -31,407243
1,726228 -35,620273
-1,204008 -36,579137
-19,254915 -44,069327
-0,429831 -35,808764
0,849425 -40,784991
-38,646740 -0,408868
-18,691981 -42,747660
-0,972885 -33,664588
-23,884057 -43,528057
-21,749315 -41,313594
-1,682001 -30,918594
-15,246332 -43,931878
2,482697 -29,720435
-17,493815 -40,288582
-40,984568 -0,782819
-21,931953 -41,670989
-19,359587 -39,888194
-0,757023 -33,081835
-3,712797 -38,966237
2,490613 -33,469114
-17,403825 -41,091017
-17,356843 -46,760445
-38,691968 -0,771911
1,278550 -36,704556
5,327346 -37,830033
3,742398 -34,101364
0,534833 -33,472443
3,291533 -32,181019
-37,953049 -7,419005
-38,067338 -1,409347
0,541912 -32,837560
-19,014522 -39,026739
-37,462430 0,502932
-38,933546 -6,088750
-42,483167 -3,441724
-22,357655 -40,886972
-38,773233 -4,458133
4,740846 -34,120446
-0,698908 -36,601331
-22,494393 -43,706797
-19,884907 -42,204658
-25,195712 -43,351247
-38,767135 -5,329199
0,651285 -35,199446
0,782630 -36,224992
-18,252084 -43,847640
-21,109067 -39,529901
-40,229421 -0,198338
-0,183953 -31,235227
6,062781 -33,322495
-18,943609 -38,721188
-21,467191 -44,655119
-40,608650 -5,304462
-38,441158 1,161440
-19,883075 -47,791264
-40,127451 -5,332282
-38,271037 -1,065908
-1,857671 -35,227702
5,128648 -31,629465
6,015877 -33,144090
-18,935137 -42,028994
-34,335039 -1,728653
-38,667291 0,706847
-22,979904 -43,636040
1,294155 -31,342934
-41,293827 -2,844363
-41,040948 0,242844
1,336062 -33,412181
1,873036 -35,552587
-21,129732 -44,070209
-37,377485 -4,968017
-32,841983 0,371023
2,944566 -34,076169
0,623577 -37,673001
-39,534244 -4,370790
2,647718 -31,633259
-3,172555 -31,176822
-0,044267 -32,644075
1,814902 -34,262732
-18,268621 -43,792589
-16,690826 -42,144794
1,391165 -38,785712
-21,951455 -42,900506
-2,127368 -33,484040
-23,860468 -44,450936
-19,482424 -41,446992
1,534649 -32,160128
-22,500771 -40,304184
-1,383949 -32,950723
1,465269 -37,030467
2,241452 -31,990819
-38,864128 -5,323868
-19,241636 -45,003338
-41,553966 -0,246330
-37,192191 -2,286223
-36,815441 -5,689387
-20,028275 -41,532167
-16,890385 -43,059324
-22,991391 -42,772007
-17,919176 -40,205625
-19,923787 -39,180116
-32,864450 1,791790
2,730853 -34,474645
-40,768501 -4,444463
-40,889502 -1,130726
0,596335 -37,405701
-21,404713 -42,429634
-38,981539 -2,603656
-33,771243 -3,579332
-20,223468 -44,713119
-17,768702 -46,510275
5,579369 -33,816153
-36,437172 -6,988336
3,213565 -37,179234
-22,340184 -39,631765
-40,918439 -5,935234
-33,146018 -5,640269
1,201136 -33,487829
-35,819687 -4,618373
-22,771363 -43,902764
-36,354475 0,575372
-17,375793 -40,945565
-36,926868 -3,984389
0,800353 -35,953271
-39,127908 -7,569972
-4,532469 -34,581574
-19,336304 -40,795457
-0,317434 -32,679121
-38,915674 -1,793592
-40,860594 -4,314678
-38,921596 -2,903901
-36,902242 -4,878196
-21,275279 -41,946775
-18,596092 -40,780401
0,594510 -32,022414
2,742976 -33,560982
5,085026 -30,583422
-34,042754 -1,726036
-35,436490 -1,876716
-1,661874 -33,710375
-19,225842 -42,295414
-17,990433 -37,942272
3,172600 -31,064273
-19,072398 -43,514994
-20,668382 -42,846521
-20,506070 -40,550297
-21,462467 -43,121708
-19,972189 -40,722445
-39,775856 -6,237572
-22,050203 -42,387020
-3,601218 -32,864655
1,983023 -32,096603
-22,158296 -42,895233
-39,425333 -4,237005
-17,586689 -44,107010
-23,451798 -41,713809
-40,728302 0,524851
-38,727739 -2,971277
-39,977329 -4,603568
-36,160075 -2,255867
-23,645657 -46,294724
-41,755017 -4,482033
-19,166433 -42,641772
5,619701 -30,710368
-40,726744 -4,817185
-16,016050 -43,554625
-24,199801 -43,454894
-39,728851 0,366129
-19,279856 -43,914431
-42,667111 -1,930084
-2,533879 -35,204967
-37,233526 1,058587
-2,446139 -34,225002
0,222357 -31,178997
2,892292 -33,139575
2,028467 -31,731933
-20,205935 -44,465002
-37,721588 -0,564706
1,240156 -36,191586
-20,312819 -48,093367
1,640763 -32,370874
-18,811047 -46,094693
-16,868476 -47,849216
-22,145315 -47,129352
4,598544 -37,346580
-16,348648 -42,296259
-35,674639 -4,561410
-20,047832 -39,132924
-35,717617 -3,000376
-36,722688 -4,877828
-42,710608 1,519686
0,625733 -33,306251
-40,076715 -4,162759
-15,909013 -40,133427
0,861514 -39,350535
0,222687 -40,131533
1,841932 -32,351450
-21,199699 -39,531863
-23,993093 -46,699950
-2,410327 -32,950250
-42,246801 1,899448
-2,270953 -38,763211
1,100757 -37,096404
-21,754683 -40,125042
-21,450716 -42,501809
2,476846 -33,991310
2,708156 -37,962602
-17,464979 -39,338191
-19,372195 -42,578578
2,205465 -37,232652
-2,646198 -34,099820
3,270216 -34,547730
-2,052761 -36,016431
-36,393847 -3,796439
-1,275272 -37,138557
-0,244292 -33,905958
1,789246 -32,016167
-35,077432 -6,908294
-1,846504 -35,359584
-37,525330 -4,948579
-1,616430 -33,965022
-41,959944 1,252724
-39,703263 -0,783279
-17,156541 -42,992895
-22,855401 -41,697039
-23,378478 -40,801020
2,845851 -34,806958
-1,982255 -39,669586
-35,629630 -1,749135
4,980883 -34,050256
-20,884827 -39,295563
-21,253900 -43,901468
-22,134392 -43,344904
6,221742 -36,000005
-37,406011 -3,839316
-1,787309 -38,457864
-19,866712 -41,860518
-39,382893 -6,056146
-42,210413 -3,839842
-35,401259 -6,491973
-38,014186 -5,283906
-22,750556 -44,392556
-19,539869 -42,649605
-38,717965 -6,286271
-38,962515 -2,957587
-22,757512 -38,703141
-39,855036 -4,678797
-4,223395 -35,742766
3,044952 -35,452502
-19,129518 -39,320795
-37,799605 -1,460968
4,526485 -35,250861
-18,496911 -44,971697
3,505205 -32,542174
1,571677 -29,802386
-2,240428 -34,844470
-0,269239 -37,595927
-18,160912 -43,454752
6,864883 -34,497768
-42,923799 -2,461537
-0,529168 -32,778158
-35,030371 -3,016034
-20,730764 -37,634137
-37,400994 -3,576305
-40,914074 -3,180623
-0,421916 -34,623900
-23,365454 -39,876828
-17,014305 -48,300041
-3,475455 -31,138758
-21,627815 -39,619548
-39,731034 -5,267353
1,923304 -36,019419
0,745418 -36,771561
2,778478 -38,076641
-38,582192 -0,311723
2,703222 -35,602783
-19,605743 -41,601506
-15,723058 -44,293773
-17,124130 -42,394023
-14,913741 -45,270081
-22,995313 -41,562312
-3,594938 -37,300180
-2,869005 -32,693987
-34,639209 -6,016536
-15,212678 -47,271100
0,239779 -37,502501
1,680675 -37,004210
-39,825437 -2,813975
-37,839032 -3,333714
-38,277283 0,782096
-1,180022 -37,469025
0,450421 -33,180759
2,890482 -37,909643
-39,002162 -0,043719
-0,453286 -33,623782
-41,174601 -3,192667
-40,848319 -7,993555
-1,691934 -37,703330
-34,937894 -2,945800
-19,803124 -45,475539
-35,289460 -0,090786
-20,924225 -45,517311
-40,618573 -0,052671
-17,950984 -40,091372
-36,499529 -9,002159
-40,236286 -1,670149
-37,988307 -6,560263
-2,017790 -37,366356
-15,518926 -45,814558
-16,354150 -43,347118
-19,303800 -46,471961
-42,714862 -2,044226
-21,677073 -44,894660
-39,800439 0,339357
-0,839398 -39,322183
0,832623 -37,610644
-2,550010 -34,016955
-42,013947 -4,374085
-18,343374 -44,731767
-19,534146 -44,266746
2,980951 -30,724846
-35,614306 -2,568291
-1,617110 -35,267518
-22,670416 -43,429915
-22,610602 -41,141531
-14,490470 -42,767667
-35,418421 -3,375748
-17,694831 -39,167513
-20,920837 -42,760174
-1,222680 -31,457543
-41,349718 -8,079769
-41,752471 -2,058801
-19,024396 -44,437993
-35,894906 -4,058768
-16,752872 -41,911525
-23,566044 -47,346079
-33,462640 -0,744822
-21,431920 -46,589468
-18,513032 -43,116807
-23,400319 -42,467474
0,794266 -37,047270
-0,084142 -35,031917
-40,555936 -5,097597
-2,824181 -35,091301
-40,361630 -3,104839
-19,927632 -47,390600
-20,659881 -43,927815
-38,272380 -0,364244
-1,486074 -37,059326
-16,595502 -44,615668
-42,104727 -3,015915
-20,695477 -37,928037
-35,335490 -3,838136
-39,868952 -6,527821
-37,965443 -2,638000
-18,876859 -43,625010
-16,978910 -47,291594
-17,990769 -43,208979
5,733122 -39,797150
-2,632613 -31,300348
-38,287788 -2,254251
-16,282992 -44,070709
-20,514906 -44,233077
-36,423355 -0,997035
-20,499294 -45,111614
-37,616195 -2,869214
-21,487681 -45,261132
-18,861951 -47,845510
-20,539904 -41,154481
-20,343567 -43,819572
-39,049519 -4,640650
-32,343485 -0,751592
-3,577864 -35,658725
2,160840 -35,202062
-16,153202 -40,455310
0,675155 -36,742306
-24,777226 -46,933674
-2,426465 -38,861979
-23,744402 -42,647596
-1,617995 -37,866883
-16,748866 -39,589106
-39,687367 -8,560141
3,429519 -39,275392
5,355346 -34,860987
2,354989 -34,885153
-36,115055 -6,973130
3,490893 -38,936734
-43,480885 -2,460679
-35,855855 -5,496414
-37,342786 -2,694981
-36,261242 -2,214902
1,148921 -37,926537
-17,935092 -44,192598
-21,347131 -40,125298
-38,004780 -5,628021
-35,632111 -4,335446
-37,290292 -4,073329
-37,485637 -5,433238
-19,005094 -43,010547
-41,621423 -4,710019
3,258876 -33,210404
0,979013 -32,852505
-41,417543 -7,456773
-20,382866 -41,589222
-2,653569 -39,142388
-18,799899 -47,554453
-41,458661 -2,702106
-0,827322 -32,635952
-0,117890 -39,806127
-18,040073 -41,891272
-33,918783 -5,870118
-40,221659 -0,476724
-40,852725 -1,510187
2,481162 -34,945357
-2,378375 -35,565588
0,273190 -35,739032
0,465182 -34,656795
-21,576199 -42,767114
-40,369208 -1,907758
-0,115252 -38,486702
-43,299250 -4,745735
-21,128073 -40,703713
-37,896810 -5,322683
-21,128021 -42,089697
1,025014 -38,516520
-17,157783 -48,021886
-35,156436 -7,067782
1,426351 -34,977927
-40,942925 -7,613572
1,568067 -37,768002
-3,369520 -33,054959
-40,231182 -0,576875
-38,716484 -6,955345
-36,168679 -5,988842
-23,364125 -47,274802
-38,172604 1,929980
-20,355199 -37,967458
-18,716991 -46,360720
-18,125775 -45,189030
-20,110176 -40,026599
-41,675779 -3,184910
2,802293 -32,935080
-2,683051 -37,749587
4,833183 -35,631638
3,154354 -38,503190
4,523750 -32,968896
-0,325724 -30,271965
0,673000 -34,716599
-38,620402 -4,551508
2,376270 -30,301978
-21,848113 -44,092102
-0,535411 -39,491308
-18,003417 -41,202125
-40,702760 -3,687698
-2,641118 -38,292944
-40,217696 -1,518567
-34,793204 -8,343204
-20,857356 -41,836838
-20,473211 -43,196216
-37,733898 -2,245969
0,338244 -33,309883
-37,516621 -3,773566
-35,789868 -1,950324
-38,682821 -2,453853
-18,161561 -41,917229
-19,866234 -44,107633
-2,605024 -31,328817
-20,415787 -39,205487
-18,192324 -47,156112
-37,466824 0,144932
-20,027581 -42,955678
-19,628640 -41,431472
-34,266446 -3,548365
-21,061194 -43,137893
-3,072216 -37,964899
2,083201 -32,996372
0,289558 -34,731774
-1,449093 -35,119097
-0,660789 -32,499905
-21,201048 -42,453298
-37,155738 -1,128199
-22,183552 -42,313706
-20,635894 -41,350702
-24,886350 -42,029318
3,162333 -32,258985
3,024492 -32,735477
-33,945149 -7,338279
-3,649953 -38,707512
-23,415746 -46,499106
4,501075 -32,667137
1,120730 -33,433604
2,015610 -32,498767
-2,385704 -36,207804
-37,265097 -2,303882
-0,693737 -33,423829
-37,822414 -1,533573
-20,977187 -42,605296
-18,630961 -43,462584
-23,638394 -45,714197
-16,879974 -39,207047
4,636384 -37,577346
-1,406073 -30,323692
-36,233492 -2,532374
-2,151610 -36,179219
-39,815230 -1,725466
-21,467177 -42,804633
-22,224149 -45,226345
-16,856841 -41,856171
2,926333 -33,548438
-36,217446 -0,961644
4,068651 -36,676482
-40,394764 -4,662218
1,789573 -33,764524
2,960268 -36,380665
-19,651990 -44,992385
-20,599077 -43,476645
3,537787 -34,078576
-21,275593 -43,991665
1,382954 -34,501890
-34,293583 -3,507673
-2,934627 -37,113563
-40,728179 -0,881432
2,474428 -33,332069
-1,514173 -31,339125
0,116924 -32,632326
-39,896486 -3,261991
3,552233 -32,836230
2,366915 -33,058463
1,284945 -31,175569
3,830982 -32,550100
-16,055529 -38,435650
-20,228380 -47,343195
-37,215296 -3,468357
1,065114 -33,605549
-37,291570 -6,602237
0,294121 -37,333909
-19,646045 -42,335289
-1,783060 -38,139629
3,635851 -36,450246
2,778076 -32,660662
4,043908 -30,411187
-2,398709 -35,617736
-40,757437 -2,942816
-20,915893 -43,004428
-19,985526 -40,424805
-23,303065 -46,021515
0,131538 -37,179578
-36,769117 -5,135913
-23,519689 -43,135385
-39,303701 -4,828467
-18,581540 -46,197574
5,724208 -34,508092
-33,134166 -1,767102
-17,404127 -41,981094
-18,994984 -46,404392
-36,644701 -2,675534
-41,755937 -6,465143
0,131526 -35,518328
2,350740 -34,168945
-37,414030 -1,014933
-24,654954 -39,987200
-36,600486 -5,108938
0,875229 -32,197559
-39,934664 -0,520109
-37,332143 -2,415091
-22,087084 -40,493777
-18,119392 -44,946859
-43,331621 -7,447005
-23,031507 -45,533786
-1,007521 -38,631763
-19,197972 -39,212323
-36,132226 -3,622751
-17,218954 -40,904757
-1,134165 -35,281458
-3,991781 -37,231148
3,765342 -33,752179
0,499681 -32,922523
-4,435758 -33,881646
-36,670996 -2,761422
-3,655132 -34,367840
-36,147168 -2,671026
0,497354 -37,131948
-42,083619 -1,598341
-18,023168 -43,157223
-34,541840 -7,053821
3,557268 -36,706510
-19,718939 -41,885382
-19,542666 -41,722570
-19,462563 -43,145287
0,469446 -35,581468
-4,659326 -34,064251
-39,100727 -6,900298
-39,217025 -3,311319
-19,460382 -46,425548
-23,035791 -38,487761
-21,542677 -39,021426
-3,359362 -38,045815
-33,675460 -4,278950
-23,938063 -44,655841
1,889404 -33,627078
2,356810 -34,838560
-2,346535 -33,086940
-35,965850 -4,319959
-3,205248 -34,589884
1,700587 -36,701481
-1,911847 -39,242366
-39,838282 -2,950365
-38,518787 0,482760
1,285855 -35,068734
-21,140754 -38,632418
-42,046526 -3,856735
-20,183521 -46,695054
-20,181912 -43,758320
3,981908 -30,718299
-20,959706 -40,482421
-4,169287 -38,124683
5,384861 -35,655772
-38,130136 -2,690392
2,108523 -34,755792
-21,251743 -45,587245
-40,163619 -2,708967
1,726370 -35,206040
-38,451478 -4,017292
-33,231435 -1,399378
-39,290182 -1,303020
-21,075564 -42,578284
1,464298 -34,408973
5,182948 -36,753799
-19,902429 -42,870467
-22,070184 -44,724671
-38,678302 -4,665780
3,393289 -35,510313
-39,945036 -2,959734
2,305216 -33,580967
-21,875882 -40,286418
3,511486 -33,310505
-14,594864 -37,366231
1,216547 -35,587915
1,827030 -32,921904
-38,065029 -6,491949
1,134867 -34,185980
-36,683514 -4,476696
-38,338866 -7,424997
-37,607187 -6,722569
-36,987777 1,024674
0,820360 -33,900578
3,357996 -40,214008
-22,391762 -43,436257
-0,398803 -31,015771
0,668674 -37,039576
-39,169131 -3,847382
4,105326 -36,287371
2,050798 -38,745596
3,605205 -38,540803
-43,619030 -5,938192
1,356539 -36,528500
-21,168166 -44,604254
-1,762390 -30,421759
-32,986390 -4,867360
-2,444032 -34,792999
1,292989 -36,919847
-34,549573 -3,629418
-19,076535 -41,993127
-3,844707 -34,592657
2,458865 -36,815210
-37,013300 -1,159872
-17,798059 -42,524108
0,056720 -35,581606
-37,921194 -1,620237
-17,452146 -42,702484
-22,588307 -45,457478
4,706927 -36,626708
1,223895 -35,344129
-39,384562 1,498114
-35,337165 -1,203512
-36,319024 -5,754353
-21,833498 -46,837068
4,809372 -38,073760
-39,724333 -6,644758
-38,032355 -4,153749
2,796441 -37,144349
0,493511 -32,096160
-19,450756 -42,715325
0,036816 -33,133477
-36,265980 -7,310809
-4,800964 -34,232405
-20,365661 -42,639082
-19,030681 -42,359247
-1,073448 -34,560935
-38,313260 -6,798220
-36,105603 -6,672211
-40,455937 -5,887121
-40,443321 -2,840258
-37,496575 -3,838321
-36,282043 -8,053369
-40,987349 -2,888504
-24,953684 -44,447844
0,296302 -34,590325
-22,921771 -44,403463
-21,134369 -38,664578
3,277167 -35,100884
-20,906829 -41,644415
3,681204 -32,363495
6,783107 -35,538906
-17,209670 -42,506205
-33,594910 -4,411566
-1,369262 -36,779196
2,476399 -32,446014
-39,893519 -3,235997
-35,115113 -7,363022
-21,088158 -45,650306
-41,591598 -3,474262
-17,027862 -41,873038
-39,436965 -6,993073
-22,197452 -42,135634
-41,335141 -2,801841
-38,552002 -3,335501
-36,857723 -4,449671
-24,795359 -41,827576
3,079494 -30,333928
-17,849090 -42,428753
-23,971751 -44,016724
-2,337949 -35,229911
-3,719787 -32,791568
-42,168969 -0,087076
5,045774 -37,011588
-37,826572 -4,606720
-38,265599 -5,105279
-38,691477 -4,373118
-37,549449 -3,626156
-1,577813 -35,648693
-20,757600 -43,284062
-36,222728 -5,612307
-19,934979 -44,206561
-22,345752 -41,813946
-4,153204 -31,907023
1,154586 -34,780863
-19,945844 -41,903439
-39,907834 -7,259709
-42,580374 -5,116095
-16,780041 -42,084198
-39,436445 -5,078586
-16,617909 -45,553955
-38,387264 -3,176365
-25,212361 -43,270368
1,223276 -34,481572
-0,475354 -33,976104
0,782785 -32,582181
-41,063154 -6,100196
-1,439844 -38,768652
2,463508 -36,533708
-0,831975 -35,819666
1,946492 -34,564598
3,107583 -34,012812
-15,473050 -43,777579
-33,770197 -5,103698
-38,177188 -3,419017
-37,100520 -0,435317
-23,814870 -39,485183
-36,415855 -1,939098
-21,990952 -45,616926
-0,530908 -34,313764
-18,417875 -40,349446
-39,755831 -2,923422
-39,216981 -3,328590
3,718728 -35,854757
-18,372789 -44,635137
-15,060042 -45,919842
2,165751 -36,633440
-21,769745 -41,313918
-40,174676 -2,522831
-15,039044 -38,494087
-35,768362 -3,689937
-40,004687 -3,824624
1,426403 -38,402401
-23,353678 -46,308059
1,764268 -39,800596
-35,330515 -4,830203
-3,905110 -31,441184
-19,170250 -44,061539
-2,292953 -39,209939
-37,820128 -6,916625
2,107922 -36,466725
-21,564253 -38,935060
-0,420445 -35,683303
-24,060229 -43,059323
-38,448737 -2,930062
1,363836 -34,074684
-21,150364 -42,602773
-3,256689 -35,718781
5,890256 -38,503412
-38,917699 -1,414531
-17,809097 -43,597333
-38,073478 0,905521
-33,505527 0,167382
-33,837883 -4,006681
-24,012400 -48,059053
-1,607058 -29,607874
-17,182637 -38,517361
-1,589002 -36,723084
5,191177 -34,099729
-2,569048 -36,422802
-17,767463 -39,514764
-36,429436 -4,596276
0,778181 -30,068634
-34,371076 -2,684026
-21,089980 -41,736515
-2,144472 -33,965866
2,416202 -30,439909
-37,103884 -2,638396
-1,890158 -33,547696
-38,459381 -3,479202
-36,834409 -1,154968
-41,082586 0,399296
-24,329153 -39,858936
-16,497463 -44,460658
-19,102786 -43,961952
4,708560 -37,369623
-19,008689 -39,676896
-38,152758 -3,808318
-2,478611 -34,807011
1,592064 -35,530032
-40,004555 -0,190963
-17,506590 -38,238763
3,120214 -34,655745
-40,866017 -4,133606
0,240392 -37,352606
-39,060742 -5,938803
1,182787 -37,880785
-21,850476 -40,607696
-37,823020 -0,804682
-22,449753 -44,225106
-22,418048 -43,393611
-37,056065 -8,096291
-38,298158 -1,865145
-3,074400 -34,098730
-0,850744 -30,899660
-24,738416 -41,151454
-1,651765 -32,212194
0,578260 -37,383353
-1,727953 -38,296944
-39,165335 -0,527455
-17,031306 -39,017026
-37,497359 0,124289
-19,312389 -41,502398
-19,159734 -46,398070
-42,258980 1,269211
-0,651502 -36,563675
-43,296202 -3,981784
-37,972215 1,407731
-16,944795 -40,636102
-16,696115 -41,847190
0,026838 -37,933838
-15,942055 -40,698780
-36,031653 -5,953819
-37,329992 -5,846434
0,597881 -29,798665
3,160453 -39,610942
-36,413443 -2,975320
-19,110419 -43,864533
-22,749467 -42,203715
-22,336001 -40,140978
-17,830654 -47,284210
2,504664 -36,027716
-1,199340 -29,698336
-38,715570 -6,202948
2,412888 -31,106300
-40,009598 -3,494822
-38,517414 0,016939
-18,197298 -43,680512
-37,812835 -7,178414
-43,176207 0,860776
-41,901575 1,106996
-20,278740 -38,250019
-33,159446 -1,027679
0,374638 -32,368253
-4,160138 -33,962183
-40,592906 -1,364958
-40,942345 0,880433
-37,940327 -0,631176
-2,044604 -35,862618
-16,384327 -45,501602
-38,293979 0,911896
-37,689908 -5,921168
-22,974949 -43,859004
-19,980659 -43,218165
3,426489 -35,001965
-34,386982 -1,159500
-17,459133 -44,695616
-17,985353 -39,528240
-41,491961 -7,263379
-0,265176 -33,105192
1,735647 -36,070412
2,409363 -33,919578
-16,171490 -40,786090
-19,422047 -42,043813
-21,210208 -38,740280
-38,241577 -6,536105
-0,243907 -38,925565
-39,058583 -1,935191
5,333069 -32,214439
1,197252 -30,291559
-38,313439 -1,684802
-1,632300 -29,167582
0,362446 -37,338823
-1,601610 -35,095710
-17,385780 -41,353717
-39,073525 -1,340774
-1,979696 -36,465242
0,004357 -36,181686
-41,964643 -4,722081
-14,492777 -45,728009
-40,410038 -5,010928
-41,276931 -6,002405
-24,445543 -42,506312
-36,525329 0,190840
0,165502 -34,078143
-18,782166 -47,778268
0,616638 -34,748311
-20,602044 -44,050728
-16,141144 -38,257364
-20,365853 -44,498752
1,417922 -31,906323
1,065579 -33,194137
-0,431815 -33,779128
-20,022812 -44,276393
1,609160 -31,166594
2,229712 -37,330256
-42,012707 -4,112253
-19,620469 -45,365432
-33,873168 -5,048273
-37,219304 0,128189
4,565219 -32,400446
-22,543491 -46,090123
-37,412872 -0,046174
4,243291 -33,352083
1,607945 -38,156688
1,212614 -37,184793
-39,518086 0,892848
-21,448449 -39,417823
-37,821541 0,593987
-1,323139 -37,791511
0,925910 -34,350579
2,089769 -36,447196
-40,579340 -4,970657
-35,003233 -3,847060
-21,803723 -41,834845
-14,797397 -43,954025
-22,449868 -44,922943
-38,816730 -0,449095
3,898768 -34,872126
-17,809085 -43,621667
-1,942484 -33,421001
-2,386960 -33,134852
-17,571028 -38,115374
-21,517174 -43,108576
4,804919 -37,761265
-21,387335 -39,839152
-36,093207 -3,431381
5,072309 -40,120425
1,965217 -32,131606
-18,839627 -41,686694
2,722198 -36,559996
2,170618 -32,904065
-38,892479 -2,009200
-40,512486 -1,228683
-34,760087 -3,913239
-18,904518 -41,565878
-40,358725 0,194211
-19,181140 -38,245065
-39,636433 1,552096
-17,355328 -42,977443
-39,560494 -4,341510
-41,737803 0,727105
-20,822070 -42,118120
2,496908 -36,489129
-38,488160 -0,755062
-43,022516 -3,674704
-22,768145 -38,316777
1,816113 -33,731675
4,284141 -37,118427
4,434595 -34,967588
-1,131206 -34,303555
-22,643276 -45,208999
3,009388 -37,046465
3,220152 -35,867561
-37,719539 -6,013697
-37,171502 -7,271591
2,891700 -35,583478
-3,290067 -33,768042
4,332008 -30,044361
-19,237693 -44,672796
-42,603063 -2,219999
-34,547509 -1,982076
0,121565 -38,544345
2,227504 -30,961110
-43,738410 -7,030522
-17,219180 -45,558008
-37,428564 -4,516653
-1,234047 -37,986758
-17,304695 -44,251422
-37,640696 -3,073953
-20,993440 -41,142500
2,141616 -34,111751
-19,755914 -46,077280
-19,590037 -44,311857
-23,110125 -39,190674
1,897791 -37,441959
-36,851630 -6,862493
0,685342 -29,236454
-40,186340 -3,521205
5,542286 -35,252414
4,437334 -29,593957
-1,279276 -36,399942
-37,265913 -1,353461
-40,951119 1,515188
-21,239621 -40,974124
-21,500708 -39,263232
4,283605 -33,952447
-37,159662 0,137090
-24,447507 -42,689439
-19,266166 -40,154578
-4,040034 -34,135422
-21,708488 -45,263571
2,595802 -38,348732
0,161207 -38,367456
1,699641 -37,398022
-21,265066 -41,348285
-16,800695 -38,913841
-4,424654 -34,577355
-18,662482 -45,467623
-36,115389 -0,281355
-19,011387 -45,209419
2,151006 -34,429681
-1,047694 -39,875092
-34,566825 1,488199
-41,288999 -7,571979
-40,212474 0,903268
-19,888200 -40,876251
-41,723663 -3,269873
-35,636374 1,371270
-36,627920 -1,306030
-38,143031 -4,473331
-16,076622 -43,271949
-0,405028 -35,006209
-22,209826 -41,834071
-22,975750 -38,000658
-35,234599 -0,324313
-35,202107 -5,450136
-39,746798 -3,398558
-24,075267 -43,340956
-41,369101 -6,708510
-37,158335 -3,998995
-34,767539 -2,871730
5,403228 -35,819138
-23,716710 -41,143453
-36,441690 -7,168432
-36,928282 2,043802
4,094196 -35,158483
-2,367159 -39,531352
-19,776486 -43,735819
-21,302085 -39,008842
4,481186 -36,439918
1,528798 -35,703593
-37,394025 0,193864
-21,144691 -44,994763
-40,070424 -3,690358
-38,099044 -3,672170
-37,685657 -7,526580
-21,474218 -44,837019
-2,028892 -39,255974
-22,343758 -45,383757
-41,769428 -6,857625
-19,295154 -42,253109
-20,568673 -38,987540
-23,556488 -43,298768
0,890812 -33,289067
2,125443 -34,161938
1,292400 -37,303218
-16,418792 -40,358838
-22,326742 -45,152841
-42,711809 -4,348723
-20,945044 -45,934456
6,561614 -38,489201
-38,281088 -4,667114
-35,696741 -0,665496
-22,711057 -44,728689
-35,673850 -3,764883
-15,435949 -40,429515
-3,367453 -31,304032
-36,267255 -2,051821
-42,843560 -4,565868
1,578976 -37,054121
3,045339 -37,878682
-2,213235 -39,226413
-4,568127 -37,086976
-1,198776 -32,693903
4,046427 -34,516555
-35,804482 -5,565104
-17,408462 -40,964248
-22,651724 -47,038830
-20,089714 -45,115306
-3,019059 -30,685681
-37,754549 -2,979998
5,394481 -33,066215
-36,308104 -3,100890
-20,218209 -45,338283
2,534137 -35,296133
-42,248078 -5,848434
-20,948643 -47,609318
-19,023926 -45,100203
-36,875670 -5,444887
-20,081804 -40,116224
2,643873 -32,240456
-19,945045 -39,230794
-14,168071 -42,519372
-18,428285 -44,814172
-17,975938 -39,505291
-18,403315 -43,803214
-15,558833 -46,825894
-39,611330 -4,650893
-42,387618 -2,357566
-18,749925 -43,232545
-3,370372 -38,721823
-21,204472 -43,914645
-18,254472 -40,224911
-40,038458 -2,255867
-17,562188 -45,724220
-23,497798 -44,708214
0,350894 -33,633372
0,934877 -37,244563
-16,338107 -44,468130
-35,703873 -0,115956
4,070526 -38,013661
-17,462804 -42,913156
-2,692580 -37,323659
-23,216360 -43,821414
-22,438551 -44,155725
-40,054211 -2,800501
-21,808470 -40,861634
-36,799569 -7,858572
-0,067374 -38,448881
-16,555533 -41,965741
1,754666 -38,570412
-22,299413 -42,495000
4,016459 -38,497407
-39,610333 -2,567349
-21,334343 -41,761609
-38,196274 -1,472736
-36,853738 -6,958742
1,292572 -34,179869
-41,287824 -4,380848
-0,488084 -32,226060
-19,169382 -40,236385
-17,281728 -42,997065
-1,984411 -37,854436
-40,862495 -3,225319
3,724746 -38,326743
-20,913443 -43,329728
-1,673755 -31,309920
-3,023440 -34,450980
-23,252976 -44,247693
-24,189995 -46,105020
2,572603 -33,819119
-23,353134 -40,989861
-35,601472 -6,036858
-2,228509 -38,359032
-41,086195 -4,809766
-34,525958 -8,439484
0,150050 -34,656705
0,861763 -29,819462
0,277703 -35,095062
2,823683 -38,168861
-21,763673 -42,404866
2,942657 -33,877755
-24,132898 -42,689210
-17,488547 -42,621812
1,019617 -31,458605
5,407096 -37,444958
-17,782034 -43,781491
-39,276243 -0,058416
-20,271966 -41,230442
2,188236 -36,050097
-4,671283 -34,445665
-3,764393 -32,369825
-18,922932 -41,541138
2,107953 -30,421794
-17,889492 -43,602876
-1,931211 -38,892478
-21,021111 -43,186134
-22,912090 -38,204749
-22,952824 -42,353401
-17,215442 -43,658100
-1,767589 -32,654805
-43,745852 -1,856151
-37,483833 -5,597379
-37,951201 -3,666977
-40,897203 -4,716673
-40,833689 -4,318823
-36,745256 -2,210899
1,270709 -35,539189
6,253760 -37,964359
2,076507 -35,889595
-15,526811 -44,773520
-37,783566 1,370638
-38,838484 -2,894716
-37,477591 -5,119745
-39,271416 -3,916068
1,239431 -38,011243
-41,313299 -2,104690
0,781083 -39,000482
-19,233547 -44,154885
-18,515569 -43,947266
-38,476656 -2,643266
-37,161118 -5,753475
-23,453849 -41,737710
-19,611762 -42,090181
-40,091424 -1,450727
4,452503 -34,410008
-19,456677 -42,162532
-19,555721 -38,492745
-20,657425 -46,374529
3,493978 -32,903276
-39,326392 -5,438372
-15,820198 -38,198602
-21,263646 -44,086928
-34,539619 -9,282593
-21,570976 -45,881665
-1,872110 -32,372724
-37,070453 -1,485590
3,434530 -37,588283
-21,389900 -43,214793
-17,388677 -41,829669
-23,257505 -43,739507
-34,675168 -2,533046
-19,791414 -44,282960
2,167669 -37,354741
0,007930 -34,913018
1,533967 -36,908567
-41,535218 -6,798083
-38,424436 -6,039270
-36,354396 -0,748341
3,775324 -34,772577
2,079637 -35,666640
0,248693 -34,926148
-19,775636 -43,217151
-34,098471 -6,162538
-18,700928 -39,608488
-0,280181 -36,303035
-34,256819 -1,470558
-39,792114 -2,757656
4,070144 -35,117791
-20,639214 -40,308957
-33,940932 -4,457454
2,543779 -37,508451
-17,366482 -46,881314
-20,674111 -42,232247
1,469652 -34,138594
-25,206578 -39,302259
-41,004341 -3,029494
-21,079247 -39,530006
-41,874057 -5,494791
-21,403864 -41,228238
-1,969111 -36,544189
-3,623317 -34,780860
-20,593869 -39,467574
-39,374889 -2,279959
1,847967 -38,665046
1,206275 -33,326835
-40,686357 -3,021028
-35,038437 -5,263139
-39,142998 -2,371479
-1,235478 -31,911258
-36,235196 -0,964608
-2,470684 -33,321803
-24,089015 -42,825432
-38,291502 -7,689086
1,508075 -34,883353
-35,445930 -2,517932
-0,340627 -30,712566
1,394211 -33,622306
5,037186 -33,055796
-40,367948 -3,020955
-33,307835 -0,903876
-22,209595 -41,578150
1,827206 -35,917920
-17,461750 -37,082989
-35,508093 -1,407537
2,259571 -34,776489
-24,130504 -42,029971
4,211637 -35,592194
-41,870673 0,493959
-20,297993 -40,868604
-39,851025 -2,689630
-18,456728 -43,118977
-39,586420 0,976922
-23,121038 -46,241374
-0,300605 -32,119515
-37,862705 -3,165296
-23,504998 -45,066010
-16,108479 -41,934029
-36,456459 -4,152827
-37,381063 -1,131886
-38,955451 -3,909356
-39,907666 -1,213506
-24,000240 -44,105892
-0,559542 -36,247998
-34,107218 -4,585225
-22,887557 -44,176693
5,222522 -34,955141
-22,009634 -44,426779
-35,676778 0,385223
-2,496692 -31,396724
2,067969 -32,773679
4,860377 -34,078278
-42,553682 -2,884629
1,044263 -34,541372
-35,784662 -1,484405
-24,574443 -42,697851
-40,768678 -3,188542
-40,792649 -4,784328
3,709495 -38,640904
-20,120962 -42,912394
-39,566672 -2,665114
-35,280237 -6,365517
-21,331618 -39,851810
-35,861018 -3,397907
-4,409668 -31,095862
-42,774628 -6,273817
2,633475 -38,486357
-39,296132 -6,318914
-39,295919 -2,315610
-40,427800 -2,897360
-20,688737 -45,419710
-22,195875 -40,250469
5,530562 -38,707312
-41,009090 -1,451287
1,574615 -39,947023
6,499791 -33,154786
-37,689869 -6,886596
0,757532 -31,494846
0,938763 -30,137238
-19,941822 -41,635192
-0,734924 -36,034696
-0,253555 -36,910371
-17,546851 -41,582260
-39,804845 -1,208756
-37,025805 -5,400751
-39,680189 -6,187612
-39,406292 -1,378141
-39,368994 -8,313529
-39,920359 -2,761504
-16,669317 -39,788490
2,008506 -32,991536
-16,535467 -43,779333
-40,458156 -3,615787
-14,917620 -40,978631
4,449832 -35,050889
-22,098243 -40,800663
-1,901178 -34,793029
-35,974131 -1,838444
-23,639650 -40,369086
-41,353323 -6,836734
4,376206 -36,561253
-19,027772 -37,930522
-39,747064 -2,689403
-39,588847 -7,270090
-41,691902 -6,301493
-39,222604 -2,282949
-17,393333 -41,659632
-22,545451 -44,502906
-0,213180 -32,439427
-16,495701 -38,814095
-34,097440 -4,191080
-39,856673 -5,033889
3,263712 -33,029910
-40,245613 -5,702287
-40,836351 -4,991492
-18,439334 -38,791839
-19,118887 -40,920414
-40,787819 -5,535111
2,119093 -36,016273
0,476421 -37,856850
0,132384 -30,603216
-24,314254 -43,267475
1,380880 -33,478276
-36,882196 -6,575321
0,844365 -35,193123
5,291912 -37,076644
-15,663991 -44,946871
6,733587 -36,147445
-37,510042 -3,072821
-39,161673 -5,488567
-35,815833 -2,162161
-23,293380 -44,843419
-19,966572 -46,459754
-15,125872 -38,653671
-21,398648 -40,510638
-3,747020 -35,772363
-21,379166 -45,548752
-36,826085 -4,125579
2,744445 -37,168979
-20,682348 -43,736414
4,640102 -31,695608
-19,000626 -42,261313
-24,943967 -45,453512
1,220472 -33,998901
-35,351186 -5,406253
-14,975060 -45,255575
4,683159 -33,580261
1,953866 -29,767551
-18,365757 -41,919194
1,786895 -33,497528
-0,092814 -35,930150
-39,714793 -0,973373
-34,682457 -1,713758
-34,487991 -0,945435
-21,728122 -41,019360
-17,372121 -41,890216
2,758616 -29,857292
-15,990298 -44,448765
-33,846136 -2,414246
1,194945 -35,879049
-22,089728 -43,039780
-33,710234 0,015527
3,513898 -39,811601
-40,212101 -0,494792
-36,861656 -4,339943
-18,370114 -40,513094
-37,196160 -5,135615
-20,548243 -41,804214
2,960449 -39,490826
0,951891 -34,870011
2,406161 -37,930066
-38,883379 -7,534217
3,826699 -39,100964
4,560461 -35,164217
-22,462379 -44,458414
-40,583224 -6,516679
-0,794724 -35,859259
-36,052108 -1,129343
-24,030869 -44,056806
2,666558 -34,464626
-21,641414 -45,597696
-32,556336 -5,868602
-15,428095 -46,052687
-37,971044 -4,520797
-18,828562 -42,213376
-43,246346 -7,525583
-39,792777 -0,858168
3,948481 -37,850603
-37,027438 -4,631183
-24,392641 -39,982163
-37,504099 -2,524415
-40,076440 -2,336951
1,808212 -36,322301
-18,731423 -40,281084
-18,834891 -45,598970
0,679740 -30,850008
-37,923426 -5,560450
1,345548 -35,372765
5,763710 -34,982584
-20,255439 -39,788735
-20,843502 -45,508037
-2,192429 -37,252150
-37,761894 -1,368390
1,591400 -30,963221
2,826293 -32,040074
-37,846540 -4,852261
-17,847206 -39,028051
-36,424345 -3,539462
1,450138 -34,326583
-38,833437 -0,679282
-18,901367 -37,410607
1,682843 -35,368347
1,378001 -40,400377
-21,918222 -44,852401
-37,753075 -2,246635
-20,088926 -42,965068
-18,019067 -39,506092
-18,842124 -41,721913
-20,677028 -47,271635
-42,178187 1,398530
-17,146069 -46,515016
-14,959931 -46,452950
-38,198111 -3,188023
-20,986043 -43,610851
-2,158007 -35,546539
-42,836380 -2,785396
-40,615364 0,140138
-40,787928 -1,027771
-0,743360 -35,950362
0,510245 -31,264061
-36,967895 -4,854567
-23,479951 -44,682883
-39,242469 -2,369610
0,829843 -34,573310
-37,458349 -1,927626
0,718773 -33,879948
-0,151266 -32,657422
-40,658182 -4,542919
-19,363952 -45,241028
-38,151176 -3,884404
1,715063 -34,754318
5,074162 -32,720709
-41,989586 -1,478186
-2,320157 -34,981897
-2,273157 -34,940902
-36,912353 1,765230
-21,702795 -38,887150
1,171799 -30,631361
-3,976340 -35,876139
1,526622 -32,586437
1,447474 -31,086963
-19,523035 -40,062202
1,391466 -34,640171
-22,037984 -41,305033
-36,774546 -4,274999
-34,897450 -2,952303
-3,196063 -34,939540
-16,111267 -39,715970
-34,382078 -2,936310
-38,580004 -2,640756
-39,954377 -5,615016
-21,656195 -39,364135
-34,898016 -1,284989
-0,015376 -34,711118
-23,396761 -43,879396
-19,245931 -46,706370
0,482485 -39,780963
-37,223639 -5,558299
-37,830684 -2,241956
-1,418215 -33,319055
-42,654433 -3,430709
-37,166755 -5,430016
-19,116248 -42,732640
-35,214483 -4,557627
5,808010 -33,715463
-20,110016 -44,072911
-37,349716 -7,620248
-3,360213 -33,941841
-42,963385 -4,662608
-19,264881 -42,612011
-41,419612 -1,576562
-0,549528 -32,248986
-21,096916 -41,927432
0,725988 -36,733747
-36,645258 -3,966437
-17,277823 -45,121818
-23,929022 -41,655696
-41,328174 -0,848902
-15,951734 -42,245428
-21,642245 -39,850064
-38,810890 1,109450
-19,536561 -38,332547
0,216175 -31,422470
-1,267735 -37,460220
-18,862238 -43,318672
-37,824324 0,034283
5,102595 -31,879739
-41,551118 -4,280840
-1,378501 -33,514276
-34,285247 -1,432464
-41,411365 0,065158
2,918725 -34,069305
-38,014267 1,204006
-19,217679 -44,338029
0,068311 -32,175843
-17,756728 -40,308750
-38,103057 -3,736799
-1,330514 -37,071486
-22,685001 -47,098066
-20,581564 -39,920499
2,027211 -32,097985
1,029013 -29,292051
-2,796223 -33,047628
-18,989801 -43,817822
-36,470931 -3,131193
-38,945275 -0,309934
-25,437952 -42,858718
-15,607596 -3,772983
6,100274 -2,509939
-6,615767 6,956021
